n_subs,rank,genotype,mu_real,sigma_real
7,1,4-4-0-0-0-0-0-0-0-0-0-4-4-4-4-4,414.56647,16.626387
7,2,4-4-4-4-4-0-0-0-0-0-0-0-0-0-4-4,414.56647,16.626387
7,3,4-4-0-0-0-0-0-0-0-0-0-3-4-4-4-4,413.48734,15.705346
7,4,4-4-4-4-3-0-0-0-0-0-0-0-0-0-4-4,413.48734,15.705346
7,5,4-0-4-0-0-0-0-0-0-0-0-4-4-4-4-4,413.2062,14.64278
7,6,4-4-4-4-4-0-0-0-0-0-0-0-0-4-0-4,413.2062,14.64278
7,7,4-4-4-4-4-0-4-0-0-0-0-0-0-0-0-4,412.94702,15.165209
7,8,4-4-4-4-0-0-0-0-0-0-0-0-0-4-4-4,412.19128,15.6782875
7,9,4-4-4-0-0-0-0-0-0-0-0-0-4-4-4-4,412.19128,15.6782875
7,10,4-4-4-0-0-0-0-0-0-0-0-4-0-4-4-4,412.16385,15.417036
7,11,4-4-4-0-3-0-0-0-0-0-0-0-0-4-4-4,411.75537,14.737879
7,12,4-4-4-0-0-0-0-0-0-0-0-2-0-4-4-4,411.49725,15.188459
7,13,4-4-4-0-0-0-0-0-0-0-0-4-4-4-0-4,411.40137,15.207907
7,14,4-0-4-4-4-0-0-0-0-0-0-0-0-4-4-4,411.40137,15.207907
7,15,4-0-0-0-0-0-0-0-0-4-0-2-4-4-4-4,411.05292,14.706021
7,16,4-0-4-4-4-0-4-0-0-0-0-0-0-0-4-4,410.88116,16.243254
7,17,4-4-4-2-0-0-0-0-0-0-0-0-0-4-4-4,410.84943,14.902903
7,18,4-4-4-4-4-0-0-0-0-0-0-3-0-0-0-4,410.83398,14.953593
7,19,4-0-0-0-3-0-0-0-0-0-0-4-4-4-4-4,410.83398,14.953593
7,20,4-0-2-0-0-0-0-0-0-0-0-4-4-4-4-4,410.78662,14.057009
7,21,0-0-4-0-0-0-0-0-0-4-0-3-4-4-4-4,410.64685,11.772709
7,22,4-0-4-4-3-0-0-0-0-0-0-0-0-4-4-4,410.4431,13.952439
7,23,4-0-4-0-0-0-0-0-0-0-0-4-4-3-4-4,410.1558,14.3375025
7,24,4-3-0-0-0-0-0-0-0-0-0-4-3-4-4-4,410.15018,14.436978
7,25,4-4-0-0-4-0-0-0-0-0-0-4-4-4-0-4,410.13016,16.541018
7,26,4-4-0-0-0-0-0-0-0-0-0-4-4-2-4-4,410.04132,16.003563
7,27,4-4-0-0-0-0-0-0-0-0-0-3-4-4-2-4,409.93225,15.274113
7,28,4-4-4-1-0-0-0-0-0-0-0-0-0-4-4-4,409.87036,15.035527
7,29,4-0-0-0-0-0-0-0-0-2-0-2-4-4-4-4,409.79413,14.006507
7,30,4-4-4-0-0-0-0-0-0-0-0-4-4-0-4-4,409.78494,16.450306
7,31,4-4-3-0-0-0-0-0-0-0-0-4-0-4-4-4,409.7784,15.169368
7,32,4-4-0-0-3-0-0-0-0-0-0-4-4-4-0-4,409.6903,15.360816
7,33,4-4-4-0-0-0-0-0-0-0-0-1-0-4-4-4,409.63824,15.737826
7,34,4-4-3-0-0-0-0-0-0-0-0-0-4-4-4-4,409.57846,15.463846
7,35,4-4-4-0-4-0-0-0-0-0-0-0-0-4-3-4,409.5352,14.365525
7,36,4-0-0-0-0-0-0-0-3-0-0-4-4-4-4-4,409.51892,12.424338
7,37,4-4-0-0-4-0-0-0-0-0-0-4-4-0-4-4,409.37576,17.618717
7,38,4-0-4-3-4-0-0-0-0-0-0-0-0-4-4-4,409.35092,14.387411
7,39,4-4-4-4-4-0-3-0-0-0-0-0-0-0-4-0,409.3066,13.504925
7,40,4-4-4-4-4-2-0-0-0-0-0-0-0-0-0-4,409.20294,14.10695
7,41,0-3-0-0-0-0-0-0-0-4-0-4-4-4-4-4,409.1507,13.722606
7,42,4-0-0-0-0-0-0-0-0-2-0-4-3-4-4-4,409.1258,13.548891
7,43,4-0-0-0-0-0-0-0-0-4-4-3-4-0-4-4,409.09558,13.773449
7,44,4-4-4-0-0-0-0-1-0-0-0-0-0-4-4-4,409.00153,13.894746
7,45,4-0-0-4-4-0-0-0-0-0-0-4-4-0-4-4,408.994,17.611166
7,46,4-3-4-0-2-0-0-0-0-0-0-0-0-4-4-4,408.98395,14.424616
7,47,4-4-4-0-0-0-0-2-0-0-0-0-0-4-4-4,408.96323,12.030592
7,48,4-4-4-0-0-0-0-0-3-0-0-0-0-4-4-4,408.9199,11.612047
7,49,4-4-4-0-0-0-0-0-4-0-0-0-0-4-4-4,408.91986,10.681291
7,50,4-4-0-0-4-0-0-0-0-0-0-3-4-4-0-4,408.913,15.278235
7,51,4-4-0-4-3-0-0-0-0-0-0-0-0-4-4-4,408.8977,15.54239
7,52,4-4-4-4-4-0-0-0-0-0-0-1-0-0-0-4,408.87073,15.334638
7,53,4-0-4-0-0-0-0-0-0-3-0-4-4-0-4-4,408.64993,14.175071
7,54,4-4-3-0-3-0-0-0-0-0-0-0-0-4-4-4,408.62094,14.424561
7,55,4-4-4-0-0-0-2-0-0-0-0-0-0-4-4-4,408.55032,15.355672
7,56,4-4-4-4-0-0-0-0-0-0-0-4-0-4-0-4,408.53668,15.328414
7,57,4-4-0-4-0-0-0-0-0-0-0-4-0-4-4-4,408.51608,16.686514
7,58,4-2-4-0-0-0-0-0-0-0-0-4-0-4-4-4,408.47476,15.032841
7,59,4-4-3-4-3-0-0-0-0-0-0-0-0-0-3-4,408.4672,14.030985
7,60,4-4-4-0-0-1-0-0-0-0-0-0-0-4-4-4,408.44153,14.71883
7,61,4-0-0-1-0-0-0-0-0-0-0-4-4-4-4-4,408.4091,14.21435
7,62,4-0-4-0-4-0-0-0-0-0-0-4-0-4-4-4,408.351,15.364229
7,63,4-4-0-0-4-0-0-0-0-0-0-3-4-0-4-4,408.28122,16.62376
7,64,4-4-4-3-0-0-0-0-0-0-0-0-0-4-3-4,408.266,13.522593
7,65,4-4-2-4-4-0-0-0-0-0-0-0-0-0-3-4,408.08334,14.6728325
7,66,4-0-3-0-0-0-0-0-0-4-0-4-4-0-4-4,408.0695,14.817056
7,67,4-4-4-0-3-0-0-0-0-0-0-0-0-2-4-4,408.03348,14.139971
7,68,4-4-3-0-0-0-0-0-0-0-0-4-4-0-4-4,408.0272,16.224028
7,69,4-4-4-0-3-0-0-0-0-0-0-0-0-4-2-4,407.96997,14.250502
7,70,4-4-0-0-0-0-0-0-3-0-0-4-4-4-0-4,407.9635,13.008831
7,71,4-0-4-0-3-0-0-0-0-0-0-0-4-4-4-4,407.94342,13.888149
7,72,4-4-3-0-0-0-0-0-0-0-0-0-2-4-4-4,407.91794,14.680757
7,73,0-0-4-0-0-0-0-0-0-4-4-4-4-0-4-4,407.88333,12.851056
7,74,4-0-4-0-0-0-0-0-0-0-0-4-3-3-4-4,407.85278,13.501442
7,75,4-4-0-4-3-0-0-0-0-0-0-4-4-0-0-4,407.84808,16.464241
7,76,4-4-4-0-3-0-0-0-0-0-0-0-4-0-4-4,407.8368,15.692857
7,77,4-4-0-4-2-0-0-0-0-0-0-4-0-4-0-4,407.81494,15.945069
7,78,0-4-4-0-0-0-0-0-0-0-0-4-4-4-4-4,407.8108,13.749608
7,79,4-4-4-4-4-0-0-0-0-0-0-0-0-4-4-0,407.8108,13.749608
7,80,4-0-4-0-3-0-0-0-0-0-0-4-0-4-4-4,407.78928,14.107234
7,81,4-0-4-4-4-0-0-0-0-2-0-0-0-0-4-4,407.75775,15.371281
7,82,4-4-4-0-0-0-0-0-0-0-3-0-0-4-4-4,407.7545,13.7138195
7,83,4-4-4-0-0-0-0-0-0-0-0-4-3-0-4-4,407.74426,15.542047
7,84,4-4-2-0-0-0-0-0-0-0-0-2-0-4-4-4,407.68048,14.597184
7,85,4-0-4-4-2-0-0-0-0-0-0-3-0-0-4-4,407.65952,14.764129
7,86,0-0-0-4-4-0-0-0-0-0-0-4-4-4-4-4,407.64987,14.957865
7,87,4-4-4-0-0-0-0-0-0-4-0-4-0-4-0-4,407.60074,14.968622
7,88,4-4-0-0-0-0-0-4-4-0-0-4-4-0-0-4,407.59436,11.875737
7,89,4-4-4-4-0-0-0-0-0-0-0-2-0-4-0-4,407.54944,14.691182
7,90,4-0-0-0-0-0-0-0-4-0-0-4-3-4-4-4,407.49963,10.71649
7,91,4-4-0-3-0-0-0-0-0-0-0-4-0-4-4-4,407.45047,15.702871
7,92,3-0-4-0-0-0-0-0-0-0-0-4-2-4-4-4,407.44873,12.196968
7,93,4-0-4-4-0-0-0-0-0-0-0-4-0-4-4-4,407.4392,14.805385
7,94,4-4-0-0-3-0-0-0-0-0-0-4-0-4-4-4,407.3936,14.913498
7,95,4-4-4-0-2-0-0-0-0-0-0-4-0-4-0-4,407.36832,14.960276
7,96,4-0-4-0-0-0-0-0-0-2-0-0-4-4-4-4,407.347,13.538718
7,97,4-4-4-4-2-0-1-0-0-0-0-0-0-0-0-4,407.30475,13.596121
7,98,4-4-0-4-4-0-0-0-0-0-0-2-4-0-0-4,407.28528,16.883522
7,99,4-4-0-0-0-0-0-0-0-4-0-0-4-4-4-4,407.2568,16.70744
7,100,4-4-4-4-2-0-0-0-0-0-0-0-4-0-0-4,407.25525,15.1240635
8,1,4-4-4-4-4-0-0-0-0-0-0-0-0-4-4-4,420.51758,17.011763
8,2,4-4-4-0-0-0-0-0-0-0-0-4-4-4-4-4,420.51758,17.011763
8,3,4-4-4-0-0-0-0-0-0-0-0-4-3-4-4-4,418.59674,16.145914
8,4,4-4-4-3-4-0-0-0-0-0-0-0-0-4-4-4,418.59674,16.145914
8,5,4-4-4-4-4-0-4-0-0-0-0-0-0-0-4-4,418.4253,17.692327
8,6,4-4-4-4-4-0-0-0-0-0-0-0-0-4-3-4,418.31342,15.708388
8,7,4-3-4-0-0-0-0-0-0-0-0-4-4-4-4-4,418.31342,15.708388
8,8,4-3-4-4-4-0-0-0-0-0-0-0-0-4-4-4,417.96613,16.039072
8,9,4-4-0-0-4-0-0-0-0-0-0-4-4-4-4-4,417.84753,18.164091
8,10,4-4-4-4-4-0-3-0-0-0-0-0-0-0-4-4,417.8261,16.892008
8,11,4-4-4-4-3-0-0-0-0-0-0-0-0-3-4-4,417.7919,15.894092
8,12,4-4-4-4-4-0-2-0-0-0-0-0-0-4-0-4,417.50244,14.967704
8,13,4-4-4-4-4-0-0-0-0-0-0-0-0-4-2-4,417.46576,16.381138
8,14,4-0-4-0-0-0-0-0-0-4-0-2-4-4-4-4,417.31683,15.223908
8,15,4-4-4-4-3-0-4-0-0-0-0-0-0-0-4-4,417.27048,16.810535
8,16,4-4-4-4-3-0-3-0-0-0-0-0-0-4-0-4,417.12714,13.757005
8,17,4-4-4-4-4-0-0-0-0-0-0-3-0-4-0-4,417.08887,15.537512
8,18,4-4-4-2-3-0-0-0-0-0-0-0-0-4-4-4,417.0593,15.012365
8,19,4-2-4-4-4-0-0-0-0-0-0-0-0-4-4-4,416.9876,16.66919
8,20,4-4-4-4-0-0-0-0-0-0-0-4-0-4-4-4,416.88327,17.081896
8,21,4-4-4-4-4-0-4-0-0-0-0-0-0-0-3-4,416.7917,16.344202
8,22,4-4-4-3-4-0-0-0-0-0-0-0-0-3-4-4,416.61298,15.904217
8,23,4-4-4-2-2-0-0-0-0-0-0-0-0-4-4-4,416.60522,15.474704
8,24,4-4-3-4-3-0-0-0-0-0-0-0-0-4-4-4,416.55038,15.84428
8,25,4-4-4-4-4-0-4-0-0-0-0-0-0-2-0-4,416.31665,15.071152
8,26,4-4-4-4-3-0-2-0-0-0-0-0-0-0-4-4,416.29132,16.183172
8,27,4-4-4-4-2-0-0-0-0-0-0-0-0-2-4-4,416.28177,16.081858
8,28,4-2-4-4-3-0-0-0-0-0-0-0-0-4-4-4,416.13126,15.65761
8,29,4-4-4-4-2-0-0-0-0-0-0-4-0-4-0-4,416.03864,16.524994
8,30,4-3-0-0-4-0-0-0-0-0-0-4-4-4-4-4,415.9475,17.25964
8,31,4-4-0-4-4-0-0-0-0-0-0-4-4-0-4-4,415.9345,19.574244
8,32,4-4-4-4-2-0-0-0-0-0-0-0-0-4-2-4,415.9183,15.97399
8,33,4-4-4-0-3-0-0-0-0-0-0-4-0-4-4-4,415.90262,15.488959
8,34,4-4-4-0-4-0-0-0-0-0-0-3-0-4-4-4,415.90262,15.488959
8,35,4-4-4-4-3-0-0-0-0-0-0-2-0-4-0-4,415.85828,15.278616
8,36,4-4-0-4-4-0-0-0-0-0-0-4-0-4-4-4,415.79782,18.155878
8,37,4-4-4-4-4-0-0-0-0-0-0-0-2-0-4-4,415.79303,16.796099
8,38,4-4-4-4-0-0-4-0-0-0-0-0-0-4-4-4,415.64813,17.15479
8,39,4-4-4-4-3-0-0-0-0-0-0-0-0-3-3-4,415.57288,14.518808
8,40,4-4-4-0-4-0-4-0-0-0-0-0-0-4-4-4,415.55524,16.255184
8,41,4-4-4-4-4-0-0-0-0-0-0-4-4-0-0-4,415.46667,18.126055
8,42,4-4-4-0-3-0-0-0-0-0-0-3-0-4-4-4,415.46143,14.682421
8,43,4-4-4-4-4-0-0-1-0-0-0-0-0-0-4-4,415.41592,16.284924
8,44,4-4-0-4-4-0-4-0-0-0-0-0-0-4-4-4,415.40125,17.599518
8,45,4-4-4-2-4-0-0-0-0-0-0-0-0-4-3-4,415.37537,14.552304
8,46,4-4-4-0-4-0-0-0-0-0-0-3-4-4-0-4,415.24857,15.803534
8,47,4-4-0-4-4-4-4-0-0-0-0-0-0-0-4-4,415.2344,17.486202
8,48,4-0-4-4-4-0-0-0-0-0-0-2-0-4-4-4,415.2107,16.50403
8,49,4-4-4-0-2-0-0-0-0-0-0-3-0-4-4-4,415.1786,15.183586
8,50,4-4-4-0-3-0-0-0-0-0-0-2-0-4-4-4,415.1786,15.183586
8,51,4-4-3-4-4-0-0-0-0-0-0-4-0-4-0-4,415.17084,16.69686
8,52,4-2-4-4-4-0-0-0-0-0-0-0-0-3-4-4,415.10675,16.456055
8,53,4-4-0-4-4-0-0-0-0-0-0-3-0-4-4-4,415.09085,17.024311
8,54,4-4-4-0-4-0-0-0-0-0-0-3-4-0-4-4,415.0319,17.13873
8,55,4-4-4-4-0-0-3-0-0-0-0-0-0-4-4-4,415.0268,16.245468
8,56,4-4-3-4-4-0-0-0-0-0-0-3-0-0-4-4,414.98648,16.80157
8,57,4-4-4-4-4-0-0-0-0-0-0-0-4-4-0-4,414.97455,16.16128
8,58,4-4-4-0-0-0-0-0-0-3-0-4-0-4-4-4,414.9131,15.476605
8,59,4-0-4-3-4-0-4-0-0-0-0-0-0-4-4-4,414.8819,15.761704
8,60,4-4-4-0-0-4-4-0-0-0-0-0-0-4-4-4,414.75342,15.468696
8,61,4-4-4-2-4-0-0-0-0-0-0-0-0-2-4-4,414.73828,15.191784
8,62,4-4-4-4-4-0-0-0-1-0-0-0-0-0-4-4,414.73273,15.668285
8,63,4-4-4-4-3-0-2-0-0-0-0-0-0-3-0-4,414.72485,13.674919
8,64,4-4-4-4-4-0-4-0-0-3-0-0-0-0-0-4,414.7153,15.781292
8,65,4-0-4-0-4-0-0-0-0-0-0-4-4-4-3-4,414.64432,15.940312
8,66,4-4-4-0-2-0-0-0-0-0-0-4-4-0-4-4,414.63135,17.678541
8,67,4-4-0-4-4-0-0-0-0-0-0-2-0-4-4-4,414.63135,17.678541
8,68,4-4-4-0-0-0-0-0-0-2-0-0-4-4-4-4,414.6228,16.420998
8,69,4-4-4-4-3-0-0-0-0-3-0-0-0-0-4-4,414.6228,16.246868
8,70,4-4-4-4-4-0-1-0-0-0-0-0-0-4-0-4,414.61032,14.57024
8,71,4-4-4-0-4-0-0-0-0-0-0-0-4-3-4-4,414.52396,16.867567
8,72,4-4-4-4-4-0-2-0-0-0-0-0-0-4-0-2,414.5,13.389057
8,73,4-4-4-4-3-0-0-0-0-0-0-1-0-0-4-4,414.49155,16.750542
8,74,4-4-4-4-4-0-0-0-0-0-0-0-3-4-0-4,414.47443,15.18282
8,75,4-4-4-0-0-0-0-2-3-0-0-0-0-4-4-4,414.42624,11.879552
8,76,4-4-4-4-4-0-0-0-0-0-0-4-3-0-0-4,414.40353,17.110508
8,77,4-3-4-0-4-0-0-0-0-0-0-0-4-4-4-4,414.3607,16.138445
8,78,4-0-0-0-0-0-4-0-0-3-0-4-4-4-4-4,414.34302,16.020916
8,79,4-0-4-4-2-0-3-0-0-0-0-0-0-4-4-4,414.33224,15.230694
8,80,4-4-4-3-4-0-0-0-0-0-0-0-4-0-4-4,414.3178,17.309422
8,81,4-4-0-4-3-0-0-0-0-0-0-4-4-4-0-4,414.31104,17.025637
8,82,4-0-4-2-0-0-0-0-0-0-0-4-4-4-4-4,414.2846,14.806331
8,83,4-4-4-4-0-0-0-0-0-0-0-0-3-4-4-4,414.2781,16.00666
8,84,4-4-4-4-4-0-3-0-0-0-0-0-0-4-4-0,414.27347,14.117222
8,85,4-0-4-3-4-0-0-0-0-0-0-4-0-4-4-4,414.21814,16.108421
8,86,4-4-4-4-4-0-0-4-0-0-0-0-0-0-3-4,414.1908,12.719971
8,87,4-4-4-0-0-0-0-0-4-0-0-0-4-4-4-4,414.14996,12.624198
8,88,4-4-4-4-3-0-0-0-0-0-0-0-1-0-4-4,414.14468,15.7734
8,89,4-4-2-4-4-0-0-0-0-0-0-4-0-0-4-4,414.1342,17.568003
8,90,4-4-4-4-4-0-0-0-0-0-0-0-4-0-3-4,414.11646,16.822147
8,91,4-4-4-4-3-0-0-0-0-0-0-4-0-0-2-4,414.08823,16.845606
8,92,4-4-4-3-3-0-0-0-0-0-0-3-0-0-4-4,414.0562,15.155963
8,93,4-4-4-4-4-0-3-0-0-0-0-0-4-0-0-4,414.04852,15.932996
8,94,4-4-4-4-0-0-0-0-0-0-0-4-4-4-0-4,414.03305,16.671057
8,95,4-0-4-4-4-0-0-0-0-0-0-0-4-4-4-4,414.03305,16.671057
8,96,4-3-4-4-3-0-0-0-0-0-0-3-0-0-4-4,414.02216,15.036601
8,97,4-4-3-4-0-0-0-0-0-0-0-3-0-4-4-4,414.0075,15.9076605
8,98,4-4-0-4-4-4-3-0-0-0-0-0-0-0-4-4,413.97797,16.575266
8,99,4-4-4-4-0-0-0-2-0-0-0-0-0-4-4-4,413.96722,13.792118
8,100,4-4-4-0-0-0-0-0-2-0-0-0-4-4-4-4,413.96722,13.792118
9,1,4-4-4-4-4-0-4-0-0-0-0-0-0-4-4-4,425.16235,18.179678
9,2,4-4-4-4-4-0-0-0-0-0-0-4-0-4-4-4,424.73328,18.721111
9,3,4-4-4-4-4-0-3-0-0-0-0-0-0-4-4-4,424.478,17.350243
9,4,4-4-4-4-4-0-0-0-0-0-0-3-0-4-4-4,424.24216,17.623594
9,5,4-4-4-4-3-0-4-0-0-0-0-0-0-4-4-4,424.20084,17.340979
9,6,4-4-4-4-4-0-0-0-0-0-0-2-0-4-4-4,423.94226,18.255432
9,7,4-4-4-4-3-0-0-0-0-0-0-4-0-4-4-4,423.91022,17.684935
9,8,4-4-4-4-3-0-0-0-0-0-0-3-0-4-4-4,423.43146,16.66541
9,9,4-4-4-4-4-0-4-0-0-0-0-0-0-3-4-4,423.13315,17.924316
9,10,4-4-4-4-3-0-2-0-0-0-0-0-0-4-4-4,423.05823,16.665033
9,11,4-4-4-0-0-0-0-0-0-4-0-4-3-4-4-4,422.98663,17.157194
9,12,4-4-4-4-4-0-0-0-0-0-0-0-4-4-4-4,422.87332,18.580687
9,13,4-4-4-4-0-0-0-0-0-0-0-4-4-4-4-4,422.87332,18.580687
9,14,4-3-4-4-4-0-4-0-0-0-0-0-0-4-4-4,422.81918,17.318354
9,15,4-4-4-4-4-0-0-0-0-0-0-4-4-0-4-4,422.70227,20.052923
9,16,4-4-4-4-4-4-4-0-0-0-0-0-0-4-0-4,422.61508,15.792387
9,17,4-4-4-4-2-0-0-0-0-0-0-2-0-4-4-4,422.60867,17.812927
9,18,4-4-4-4-4-0-0-0-0-0-0-0-3-4-4-4,422.24982,17.616304
9,19,4-4-4-4-4-0-0-4-0-0-0-0-0-4-4-4,422.24606,14.399017
9,20,4-4-4-0-4-0-0-0-0-0-0-4-4-3-4-4,422.17752,18.44569
9,21,4-4-4-4-4-0-0-0-0-0-0-3-0-3-4-4,422.15338,17.356085
9,22,4-4-4-3-3-0-0-0-0-0-0-4-0-4-4-4,422.11978,16.627254
9,23,4-4-4-4-4-0-4-0-0-0-0-3-0-4-0-4,422.0888,16.717373
9,24,4-4-4-0-2-0-0-0-0-0-0-4-3-4-4-4,422.03436,17.172743
9,25,4-4-4-4-4-0-0-0-0-0-0-0-2-4-4-4,422.01025,17.229094
9,26,4-4-4-4-4-0-0-0-0-0-0-4-4-4-0-4,421.98474,18.666626
9,27,4-0-4-4-4-0-0-0-0-0-0-4-4-4-4-4,421.98474,18.666626
9,28,4-4-4-4-0-0-0-0-0-0-0-3-4-4-4-4,421.93604,17.528757
9,29,4-4-0-4-3-0-0-0-0-0-0-4-4-4-4-4,421.91718,18.88752
9,30,4-4-4-4-4-0-0-0-0-0-0-2-0-3-4-4,421.8691,17.986334
9,31,4-3-4-0-2-0-0-0-0-0-0-4-4-4-4-4,421.84598,17.161745
9,32,4-4-4-4-4-2-4-0-0-0-0-0-0-4-0-4,421.82648,15.890314
9,33,4-4-4-4-3-0-0-0-0-0-0-4-0-4-3-4,421.8002,16.764946
9,34,4-4-4-4-4-0-3-0-0-0-0-4-0-4-0-4,421.69434,17.286516
9,35,4-4-4-3-3-0-0-0-0-0-0-3-0-4-4-4,421.62787,15.740283
9,36,4-4-4-2-4-0-0-0-0-0-0-3-0-4-4-4,421.55383,16.092026
9,37,4-4-2-0-4-0-0-0-0-0-0-4-4-4-4-4,421.54507,18.107687
9,38,4-0-4-0-4-0-0-0-0-4-0-3-4-4-4-4,421.45526,17.229338
9,39,4-4-4-4-3-0-4-0-0-0-0-4-0-4-0-4,421.45526,17.229338
9,40,4-3-4-4-4-0-0-0-0-0-0-2-0-4-4-4,421.42407,17.250917
9,41,4-4-4-0-4-0-0-0-0-0-0-3-4-3-4-4,421.39856,17.409922
9,42,4-4-4-4-2-0-0-0-0-0-0-0-4-4-4-4,421.3455,18.101902
9,43,4-4-4-4-0-0-0-0-0-0-0-2-4-4-4-4,421.3455,18.101902
9,44,4-4-4-4-4-0-2-0-0-0-0-0-0-4-2-4,421.3442,16.809143
9,45,4-4-4-4-4-0-0-0-0-0-0-0-1-4-4-4,421.31192,17.101099
9,46,4-4-4-3-4-0-0-0-0-0-0-0-4-4-4-4,421.2702,17.711933
9,47,4-4-4-4-3-0-0-0-0-0-0-3-0-3-4-4,421.2645,16.400177
9,48,4-2-4-4-4-0-0-0-0-0-0-4-0-4-4-4,421.24673,18.355019
9,49,4-4-4-4-4-0-0-0-0-4-0-0-0-4-4-4,421.22595,18.66191
9,50,4-4-4-4-4-0-2-0-0-0-0-4-0-4-0-4,421.17853,17.465986
9,51,4-0-4-4-3-0-0-0-0-0-0-4-4-4-4-4,421.153,17.237366
9,52,4-4-4-3-4-0-0-0-0-0-0-4-4-0-4-4,421.05682,19.031376
9,53,4-4-0-4-4-0-0-0-0-0-0-4-3-4-4-4,421.05682,19.031376
9,54,4-4-4-4-4-0-4-0-0-0-0-4-0-0-4-4,421.04932,19.506384
9,55,4-4-0-4-4-0-0-0-0-0-0-2-4-4-4-4,421.03818,19.50039
9,56,4-4-4-4-4-2-0-0-0-0-0-0-0-4-4-4,420.95966,16.896883
9,57,4-4-4-4-4-0-4-0-0-0-0-0-4-0-4-4,420.95508,19.432392
9,58,4-4-4-4-4-0-0-0-0-3-0-0-0-4-4-4,420.95074,17.702599
9,59,4-4-4-4-3-0-0-0-0-0-0-1-0-4-4-4,420.8898,17.188541
9,60,4-4-4-3-2-0-3-0-0-0-0-0-0-4-4-4,420.87708,16.048464
9,61,4-4-4-0-3-0-0-0-0-0-0-3-2-4-4-4,420.86774,15.289907
9,62,4-4-4-4-2-0-4-0-0-0-0-4-0-4-0-4,420.80014,17.73262
9,63,4-4-4-4-4-0-0-0-0-0-0-0-4-3-4-4,420.7744,18.359812
9,64,4-4-4-4-4-0-0-0-0-0-2-0-0-4-4-4,420.77234,15.999784
9,65,4-4-4-4-3-0-3-0-0-0-0-4-0-4-0-4,420.71408,16.333622
9,66,4-4-4-4-4-2-3-0-0-0-0-0-0-4-0-4,420.64554,14.937682
9,67,4-4-4-4-4-0-0-0-0-0-1-0-0-4-4-4,420.61673,16.599857
9,68,4-4-4-4-3-0-0-0-0-0-0-4-0-2-4-4,420.6127,17.07874
9,69,4-4-4-3-4-0-0-0-0-0-0-4-4-4-0-4,420.56107,17.753376
9,70,4-0-4-4-4-0-0-0-0-0-0-4-3-4-4-4,420.56107,17.753376
9,71,4-4-3-0-4-0-0-0-0-0-0-4-3-4-4-4,420.54108,17.306278
9,72,4-4-4-4-4-0-0-0-1-0-0-0-0-4-4-4,420.52853,16.031088
9,73,4-4-4-0-0-0-0-1-0-0-0-4-4-4-4-4,420.52853,16.031088
9,74,4-0-4-4-4-0-0-0-0-0-0-2-4-4-4-4,420.5254,18.135767
9,75,4-4-4-4-0-0-0-0-0-0-0-3-3-4-4-4,420.51227,16.697529
9,76,4-4-4-4-2-0-0-0-0-0-0-4-0-4-2-4,420.46802,17.958157
9,77,4-2-4-4-4-0-0-0-0-0-0-2-0-4-4-4,420.46033,17.867119
9,78,4-4-4-4-4-0-4-0-0-0-0-0-0-2-3-4,420.45416,16.25134
9,79,4-4-4-4-4-0-0-0-0-0-0-0-4-4-3-4,420.3874,17.23685
9,80,4-4-0-3-4-0-0-0-0-0-0-3-4-4-4-4,420.33432,17.892618
9,81,4-4-4-4-3-0-0-0-0-0-0-4-3-0-4-4,420.33432,17.892618
9,82,4-4-4-0-4-0-0-0-0-0-0-4-3-4-3-4,420.32135,16.743622
9,83,4-3-4-4-4-0-0-0-0-0-0-0-4-4-4-4,420.30402,17.52109
9,84,4-4-4-0-0-0-0-0-0-4-0-2-4-4-2-4,420.24243,17.511028
9,85,4-4-4-4-3-3-0-0-0-0-0-0-0-4-4-4,420.22504,15.652516
9,86,4-4-4-4-4-0-4-0-0-3-0-0-0-0-4-4,420.2235,18.382668
9,87,4-4-4-4-3-0-0-0-0-0-0-2-0-4-2-4,420.21747,16.87428
9,88,4-4-4-4-4-0-3-0-0-0-0-0-4-0-4-4,420.18726,18.599426
9,89,4-4-4-4-3-2-0-0-0-0-0-0-0-4-4-4,420.16235,15.871561
9,90,4-4-4-3-3-0-4-0-0-0-0-0-0-4-3-4,420.1554,15.038276
9,91,4-4-4-4-4-0-3-0-0-0-0-3-0-0-4-4,420.12338,17.503656
9,92,4-4-4-4-3-0-0-0-0-3-0-0-0-4-4-4,420.11627,16.717567
9,93,4-4-4-3-4-0-4-0-0-0-0-4-0-4-0-4,420.09622,17.179722
9,94,4-4-4-0-4-0-0-0-0-0-0-3-4-2-4-4,420.05853,17.079872
9,95,4-4-4-3-2-0-0-0-0-0-0-0-4-4-4-4,420.01813,17.262728
9,96,4-4-4-4-2-0-0-0-0-0-0-4-0-2-4-4,420.01605,17.637716
9,97,4-4-4-2-2-0-3-0-0-0-0-0-0-4-4-4,420.0135,15.643977
9,98,4-4-4-0-0-0-0-0-2-0-0-4-3-4-4-4,419.99918,14.325569
9,99,4-0-4-0-4-0-4-0-0-0-0-4-4-4-4-4,419.95737,18.5047
9,100,4-4-4-4-0-4-4-0-0-0-0-0-0-3-4-4,419.93567,16.685526
10,1,4-4-4-4-4-0-0-0-0-0-0-4-4-4-4-4,430.32996,20.523237
10,2,4-4-4-4-4-0-0-0-0-0-0-3-4-4-4-4,429.49228,19.36431
10,3,4-4-4-4-3-0-0-0-0-0-0-4-4-4-4-4,429.49228,19.36431
10,4,4-4-4-3-4-0-0-0-0-0-0-4-4-4-4-4,428.9939,19.509895
10,5,4-4-4-4-2-0-0-0-0-0-0-4-4-4-4-4,428.94888,19.980993
10,6,4-4-4-4-3-0-0-0-0-0-0-3-4-4-4-4,428.65298,18.241655
10,7,4-4-4-4-4-0-4-0-0-0-0-4-0-4-4-4,428.5647,20.07735
10,8,4-4-4-0-4-0-0-0-0-4-0-4-4-4-4-4,428.5647,20.07735
10,9,4-4-4-4-4-3-4-0-0-0-0-0-0-4-4-4,428.54803,18.069992
10,10,4-4-4-3-3-0-0-0-0-0-0-4-4-4-4-4,428.2129,18.368439
10,11,4-4-4-0-3-0-0-0-0-4-0-4-4-4-4-4,428.20956,18.852129
10,12,4-4-4-4-4-0-4-0-0-0-0-3-0-4-4-4,428.20956,18.852129
10,13,4-4-4-4-4-0-0-0-0-0-0-4-4-3-4-4,427.94617,20.274464
10,14,4-4-3-4-4-0-0-0-0-0-0-4-4-4-4-4,427.94617,20.274464
10,15,4-4-4-4-4-0-3-0-0-0-0-4-0-4-4-4,427.94232,19.248997
10,16,4-4-4-4-4-0-0-0-0-0-0-4-4-4-3-4,427.92587,19.503761
10,17,4-4-4-4-2-4-4-0-0-0-0-0-0-4-4-4,427.75128,17.83399
10,18,4-4-4-3-4-0-0-0-0-0-0-2-4-4-4-4,427.68878,18.983955
10,19,4-4-4-0-4-0-0-0-0-4-0-3-4-4-4-4,427.56345,19.239092
10,20,4-4-3-4-4-0-0-0-0-0-0-3-4-4-4-4,427.06158,19.111574
10,21,4-4-4-4-3-0-3-0-0-0-0-4-0-4-4-4,426.966,18.373894
10,22,4-4-4-2-4-0-0-0-0-0-0-4-3-4-4-4,426.9635,18.029083
10,23,4-4-4-4-4-0-2-0-0-0-0-2-0-4-4-4,426.9442,18.82888
10,24,4-4-4-4-4-0-0-0-0-4-0-4-0-4-4-4,426.87338,19.83543
10,25,4-4-4-3-4-0-0-0-0-0-0-3-3-4-4-4,426.801,17.39434
10,26,4-4-4-4-4-1-4-0-0-0-0-0-0-4-4-4,426.75473,18.142845
10,27,4-0-4-4-4-0-0-0-0-4-0-4-4-4-4-4,426.71478,19.994638
10,28,4-4-4-4-4-0-4-0-0-0-0-4-4-4-0-4,426.71478,19.994638
10,29,4-4-4-1-4-0-0-0-0-0-0-4-4-4-4-4,426.63354,18.902357
10,30,4-4-4-4-0-0-0-0-0-3-0-4-4-4-4-4,426.6191,19.086967
10,31,4-4-4-0-0-0-4-0-0-4-0-4-4-4-4-4,426.60803,19.95271
10,32,4-4-4-4-3-0-4-0-0-0-0-0-4-4-4-4,426.4203,18.97017
10,33,4-4-4-4-0-0-0-0-0-4-0-3-4-4-4-4,426.4203,18.97017
10,34,4-4-4-4-4-0-0-0-0-4-0-4-4-0-4-4,426.30536,21.450567
10,35,4-4-0-4-4-0-4-0-0-0-0-4-4-4-4-4,426.30536,21.450567
10,36,4-4-4-0-3-0-4-0-0-0-0-4-4-4-4-4,426.2169,18.866362
10,37,4-4-4-4-4-0-0-0-0-4-0-3-0-4-4-4,426.2169,18.866362
10,38,4-4-0-4-4-0-0-0-0-4-0-4-4-4-4-4,426.15515,21.48367
10,39,4-4-4-4-4-4-4-0-0-0-0-4-0-4-0-4,426.0932,17.997032
10,40,4-0-4-4-4-0-0-0-0-3-0-4-4-4-4-4,425.96567,19.115273
10,41,4-4-4-4-4-0-0-0-0-3-0-3-0-4-4-4,425.84464,18.018187
10,42,4-4-4-4-4-0-3-0-0-0-0-4-0-3-4-4,425.77744,18.96961
10,43,4-4-4-0-4-0-0-0-0-3-0-4-3-4-4-4,425.76987,18.029594
10,44,4-4-4-0-4-0-3-0-0-0-0-3-4-4-4-4,425.73145,17.929815
10,45,4-4-4-4-0-0-0-0-0-3-0-3-4-4-4-4,425.648,18.08454
10,46,4-4-4-4-2-4-2-0-0-0-0-0-0-4-4-4,425.6275,17.067938
10,47,4-0-4-4-2-0-0-0-0-4-0-4-4-4-4-4,425.62714,19.261791
10,48,4-4-4-4-4-0-4-0-0-0-0-2-4-4-0-4,425.62714,19.261791
10,49,4-4-4-4-2-0-0-0-0-4-0-4-0-4-4-4,425.59262,19.321484
10,50,4-4-4-4-4-0-0-0-0-0-0-4-3-2-4-4,425.51996,18.938833
10,51,4-4-4-0-4-0-2-0-0-0-0-3-4-4-4-4,425.4809,18.098513
10,52,4-0-4-4-4-0-4-0-0-0-0-4-4-4-4-4,425.30093,20.513544
10,53,4-4-4-4-4-0-4-0-3-0-0-0-0-4-4-4,425.23743,15.775783
10,54,4-4-4-4-4-4-4-0-0-0-0-0-0-4-4-2,425.21796,16.216768
10,55,4-4-4-3-4-0-0-0-0-0-0-2-4-4-3-4,425.2151,17.920715
10,56,4-3-4-0-2-0-0-0-0-4-0-3-4-4-4-4,425.18182,17.525145
10,57,4-4-4-3-0-0-0-0-0-3-0-3-4-4-4-4,425.1628,17.141838
10,58,4-4-4-0-4-0-0-0-1-0-0-4-4-4-4-4,425.123,18.046005
10,59,4-4-4-4-4-0-0-1-0-0-0-4-0-4-4-4,425.123,18.046005
10,60,4-4-4-4-4-0-3-4-0-0-0-0-0-4-4-4,425.09436,14.91471
10,61,4-0-4-4-4-0-0-0-0-4-0-2-4-4-4-4,425.05112,19.527578
10,62,4-4-4-4-2-0-4-0-0-4-0-0-0-4-4-4,425.04718,19.54692
10,63,4-4-0-4-4-0-0-0-0-4-0-3-4-4-4-4,425.0389,20.486702
10,64,4-4-4-0-4-0-4-0-0-0-0-4-3-4-4-4,425.02835,18.67205
10,65,4-4-4-3-4-0-0-0-0-4-0-4-0-4-4-4,425.02835,18.67205
10,66,4-4-4-4-0-0-0-0-0-3-0-2-4-4-4-4,425.01996,18.622053
10,67,4-4-4-4-4-0-3-2-0-0-0-0-0-4-4-4,425.0187,15.861698
10,68,4-4-4-0-4-0-0-0-0-0-4-4-4-4-4-4,425.00677,17.990501
10,69,4-4-4-4-4-0-0-0-0-4-0-4-0-3-4-4,424.99402,19.542295
10,70,4-4-4-0-2-0-0-0-0-1-0-4-4-4-4-4,424.99228,18.254486
10,71,4-4-0-0-4-0-0-0-0-4-4-3-4-4-4-4,424.9308,18.478441
10,72,4-4-2-4-4-0-4-0-0-0-0-4-0-4-4-4,424.87994,19.431063
10,73,4-4-4-0-0-1-0-0-0-4-0-4-4-4-4-4,424.86435,17.78926
10,74,4-4-4-4-4-0-3-0-0-0-0-2-4-4-0-4,424.8449,18.383373
10,75,4-4-4-3-4-0-0-0-0-4-0-4-4-0-4-4,424.83588,20.395372
10,76,4-4-4-4-2-0-0-0-0-4-0-4-4-0-4-4,424.83105,20.843319
10,77,4-4-4-3-4-0-4-0-0-0-0-4-4-4-0-4,424.8282,19.016016
10,78,4-4-4-4-4-0-2-0-0-0-0-0-1-4-4-4,424.81863,17.649548
10,79,4-4-4-4-0-0-4-0-0-0-0-4-4-4-4-4,424.80362,20.389986
10,80,4-4-4-4-4-0-0-0-0-4-0-0-4-4-4-4,424.80362,20.389986
10,81,4-4-0-0-4-0-0-0-0-3-4-4-4-4-4-4,424.78284,18.467375
10,82,4-4-4-4-4-0-2-4-4-0-0-0-0-0-4-4,424.78168,14.536075
10,83,4-4-4-4-4-0-0-0-0-4-0-4-0-4-3-4,424.78027,19.021118
10,84,4-4-4-4-4-0-0-3-0-0-0-4-0-4-4-4,424.75824,16.326727
10,85,4-4-4-0-4-0-0-0-3-0-0-4-4-4-4-4,424.75824,16.326727
10,86,4-4-4-4-3-0-0-2-4-0-0-0-0-4-4-4,424.74982,13.030273
10,87,4-0-4-4-4-0-3-0-0-0-0-4-4-4-4-4,424.7071,19.523746
10,88,4-4-4-4-4-0-0-0-0-1-0-3-0-4-4-4,424.70093,17.625977
10,89,4-4-4-4-2-0-0-0-0-0-0-4-2-3-4-4,424.67828,18.302534
10,90,4-4-4-0-0-4-0-0-0-4-0-4-4-4-4-4,424.6763,17.032207
10,91,4-4-4-4-4-2-4-0-0-0-0-3-0-0-4-4,424.6379,18.503363
10,92,4-4-3-0-4-0-0-0-0-4-0-2-4-4-4-4,424.62836,19.417324
10,93,4-4-4-0-4-0-3-0-0-0-0-4-3-4-4-4,424.62695,17.852839
10,94,4-4-4-0-3-0-0-0-0-0-4-4-4-4-4-4,424.56604,17.01622
10,95,4-4-4-4-3-0-0-0-0-0-0-3-2-3-4-4,424.531,16.701984
10,96,4-4-4-4-2-0-0-0-0-4-0-2-0-4-4-4,424.50916,18.919353
10,97,4-4-4-3-4-0-4-0-0-4-0-0-0-4-4-4,424.46667,18.87093
10,98,4-4-0-4-3-0-2-0-0-0-0-4-4-4-4-4,424.46213,19.676252
10,99,4-2-4-3-2-0-0-0-0-0-0-4-4-4-4-4,424.46002,18.53274
10,100,4-4-4-0-3-0-0-0-0-0-2-4-4-4-4-4,424.45667,17.202126
11,1,4-4-4-4-4-0-0-0-0-4-0-4-4-4-4-4,433.47214,21.973522
11,2,4-4-4-4-4-0-4-0-0-0-0-4-4-4-4-4,433.47214,21.973522
11,3,4-4-4-4-4-0-0-0-0-3-0-4-4-4-4-4,432.8951,21.112589
11,4,4-4-4-4-4-0-2-0-0-0-0-4-4-4-4-4,432.46884,21.247507
11,5,4-4-4-4-4-0-0-0-0-2-0-4-4-4-4-4,432.46884,21.247507
11,6,4-4-4-4-2-0-0-0-0-4-0-4-4-4-4-4,432.3706,21.371979
11,7,4-4-4-4-4-0-4-0-0-0-0-4-3-4-4-4,432.28552,20.936546
11,8,4-4-4-4-4-4-4-0-0-0-0-4-0-4-4-4,432.2043,19.985079
11,9,4-4-4-4-4-0-0-0-0-3-0-3-4-4-4-4,431.89252,20.078382
11,10,4-4-4-4-4-0-0-0-0-4-0-2-4-4-4-4,431.8001,21.50599
11,11,4-4-4-4-2-0-4-0-0-0-0-4-4-4-4-4,431.8001,21.50599
11,12,4-4-4-4-4-0-4-0-0-0-0-4-2-4-4-4,431.79987,20.51255
11,13,4-4-4-4-3-0-4-0-0-0-0-3-4-4-4-4,431.78058,19.769718
11,14,4-4-4-4-4-0-4-4-4-0-0-0-0-4-4-4,431.77084,15.647699
11,15,4-4-4-4-3-0-0-0-0-2-0-4-4-4-4-4,431.74323,20.031715
11,16,4-4-4-4-2-0-0-0-0-3-0-4-4-4-4-4,431.73425,20.521345
11,17,4-4-4-3-4-0-0-0-0-3-0-4-4-4-4-4,431.70026,20.102608
11,18,4-4-4-4-4-0-0-0-0-4-0-4-3-4-4-4,431.6824,20.84517
11,19,4-4-4-4-4-0-0-0-0-2-0-3-4-4-4-4,431.51236,20.21122
11,20,4-4-4-4-4-0-2-0-0-0-0-4-3-4-4-4,431.3168,20.239676
11,21,4-4-4-4-2-0-0-0-0-2-0-4-4-4-4-4,431.2906,20.65712
11,22,4-4-4-4-2-0-3-0-0-0-0-4-4-4-4-4,431.2452,20.628895
11,23,4-4-4-4-4-4-3-0-0-0-0-4-0-4-4-4,431.12076,18.972937
11,24,4-4-4-4-3-4-4-0-0-0-0-3-0-4-4-4,431.10114,17.963255
11,25,4-4-4-0-4-0-4-0-0-4-0-4-4-4-4-4,430.98157,21.486034
11,26,4-4-4-4-4-0-0-0-0-2-0-4-3-4-4-4,430.90518,20.154966
11,27,4-4-4-4-2-0-2-0-0-0-0-4-4-4-4-4,430.88495,20.762735
11,28,4-4-4-4-3-0-0-0-0-2-0-3-4-4-4-4,430.78546,19.029547
11,29,4-4-0-4-4-0-0-0-0-4-4-4-4-4-4-4,430.76334,21.495985
11,30,4-4-4-4-2-0-0-0-0-3-0-3-4-4-4-4,430.74564,19.518454
11,31,4-4-4-4-4-0-0-0-0-3-0-4-4-3-4-4,430.69644,20.845182
11,32,4-4-4-4-2-0-4-0-0-0-0-4-3-4-4-4,430.60706,20.501616
11,33,4-4-4-3-4-0-0-0-0-4-0-2-4-4-4-4,430.60706,20.501616
11,34,4-4-4-3-4-0-4-0-0-0-0-2-4-4-4-4,430.56348,20.271046
11,35,4-4-4-4-4-0-0-0-1-0-0-4-4-4-4-4,430.45285,19.864174
11,36,4-3-4-4-4-0-0-0-0-2-0-4-4-4-4-4,430.36145,20.17316
11,37,4-4-4-4-4-0-0-2-0-0-0-4-4-4-4-4,430.2984,18.468557
11,38,4-4-4-4-4-0-0-0-2-0-0-4-4-4-4-4,430.2984,18.468557
11,39,4-4-4-4-4-0-0-3-0-0-0-4-4-4-4-4,430.2722,18.144432
11,40,4-4-4-4-4-0-0-0-3-0-0-4-4-4-4-4,430.2722,18.144432
11,41,4-4-4-4-0-0-0-0-0-4-2-4-4-4-4-4,430.25757,20.078392
11,42,4-4-4-4-4-0-0-0-4-0-0-4-4-4-4-4,430.2271,17.424393
11,43,4-4-0-4-4-0-0-0-0-4-3-4-4-4-4-4,430.18335,21.372906
11,44,4-4-4-4-4-3-4-0-0-0-0-4-4-0-4-4,430.18335,21.372906
11,45,4-4-4-4-3-0-0-0-0-2-0-4-3-4-4-4,430.17365,18.985626
11,46,4-4-4-4-4-0-1-0-0-0-0-3-4-4-4-4,430.12775,19.376654
11,47,4-4-4-4-3-0-0-0-0-4-0-3-3-4-4-4,430.04834,18.746029
11,48,4-4-4-3-3-0-4-0-0-0-0-3-4-4-4-4,430.04834,18.746029
11,49,4-0-4-4-4-0-4-0-0-4-0-4-4-4-4-4,430.03738,21.857178
11,50,4-4-3-3-4-0-0-0-0-4-0-4-4-4-4-4,430.01074,20.668013
11,51,4-4-4-0-3-0-0-0-0-2-4-4-4-4-4-4,429.9615,18.063416
11,52,4-4-4-0-2-0-0-0-0-3-2-4-4-4-4-4,429.9391,18.645658
11,53,4-4-4-4-4-0-0-0-0-0-4-4-4-4-4-4,429.93112,19.841925
11,54,4-4-4-4-4-4-0-0-0-0-0-4-4-4-4-4,429.93112,19.841925
11,55,4-4-4-4-0-0-0-0-0-3-4-4-4-4-4-4,429.84717,19.052341
11,56,4-4-4-4-4-4-3-0-0-0-0-0-4-4-4-4,429.84717,19.052341
11,57,4-4-4-4-3-0-2-0-0-0-0-4-2-4-4-4,429.82208,18.861984
11,58,4-4-4-4-4-4-3-0-0-0-0-4-4-0-4-4,429.805,20.530449
11,59,4-4-0-4-4-0-0-0-0-4-2-4-4-4-4-4,429.80176,21.582815
11,60,4-4-4-0-2-0-3-0-0-4-0-4-4-4-4-4,429.7365,20.11986
11,61,4-4-4-1-0-0-0-0-0-4-4-4-4-4-4-4,429.69415,18.403687
11,62,4-4-4-4-3-0-0-0-1-0-0-4-4-4-4-4,429.6681,18.795418
11,63,4-4-3-4-2-0-4-0-0-0-0-4-4-4-4-4,429.6455,21.244186
11,64,4-2-4-4-4-0-0-0-0-2-0-4-4-4-4-4,429.60767,20.816256
11,65,4-4-4-4-3-0-0-1-0-0-0-4-4-4-4-4,429.57895,18.647823
11,66,4-4-4-4-4-0-0-0-0-4-4-4-4-0-4-4,429.5623,21.450737
11,67,4-4-0-4-4-0-4-0-0-4-0-4-4-4-4-4,429.5605,23.073084
11,68,4-4-4-4-4-0-4-0-0-4-0-4-4-0-4-4,429.5605,23.073084
11,69,4-4-4-4-3-0-0-0-0-2-0-4-2-4-4-4,429.514,18.526575
11,70,4-4-4-4-4-0-0-0-3-0-0-3-4-4-4-4,429.48907,16.940247
11,71,4-4-4-4-3-0-0-3-0-0-0-4-4-4-4-4,429.48907,16.940247
11,72,4-4-4-4-0-0-4-0-0-4-0-4-4-4-4-4,429.48148,21.773762
11,73,4-4-4-4-4-0-4-0-0-4-0-0-4-4-4-4,429.48148,21.773762
11,74,4-4-4-3-3-0-0-0-0-4-0-4-4-3-4-4,429.40778,19.439219
11,75,4-4-4-4-4-3-3-0-0-0-0-0-4-4-4-4,429.38913,18.905094
11,76,4-4-4-4-4-0-4-0-0-0-0-3-4-2-4-4,429.38663,20.158064
11,77,4-0-4-4-4-0-0-0-0-4-2-4-4-4-4-4,429.26917,20.054087
11,78,4-4-4-3-4-4-4-0-0-0-0-0-4-4-4-4,429.2688,19.013111
11,79,4-4-4-0-0-0-4-4-4-0-0-4-4-4-4-4,429.25317,15.940843
11,80,4-4-4-4-4-0-4-0-0-4-0-3-4-4-0-4,429.24365,20.503708
11,81,4-4-4-4-4-4-3-0-0-0-0-3-4-0-4-4,429.2345,19.450851
11,82,4-4-4-4-4-4-0-0-0-0-0-3-4-4-4-4,429.22607,18.879923
11,83,4-4-4-4-4-0-3-0-0-4-0-4-4-4-0-4,429.1958,20.964283
11,84,4-4-4-2-4-0-0-0-0-2-0-2-4-4-4-4,429.16602,19.380337
11,85,4-4-4-2-0-0-0-0-0-4-4-2-4-4-4-4,429.15735,18.119751
11,86,4-4-4-4-3-0-0-0-0-0-2-4-4-4-4-4,429.15634,19.042652
11,87,4-4-4-4-4-2-0-0-0-0-0-3-4-4-4-4,429.15634,19.042652
11,88,4-4-4-4-4-0-0-4-0-0-0-2-4-4-4-4,429.153,16.949492
11,89,4-4-4-4-2-0-0-0-3-0-0-4-4-4-4-4,429.11325,17.666378
11,90,4-4-4-0-4-0-0-2-0-4-0-4-4-4-4-4,429.04193,18.164764
11,91,4-4-4-0-4-4-4-0-0-0-0-4-4-4-4-4,429.0389,19.651289
11,92,4-4-4-4-4-0-4-0-0-3-0-0-4-4-4-4,429.01547,20.73908
11,93,4-4-4-4-0-0-3-0-0-4-0-4-4-4-4-4,429.01547,20.73908
11,94,4-4-4-3-3-0-0-0-0-2-0-2-4-4-4-4,429.01212,18.591982
11,95,4-4-4-4-2-0-0-2-0-0-0-4-4-4-4-4,428.9929,17.87957
11,96,4-4-4-4-2-0-0-3-0-0-0-4-4-4-4-4,428.98846,17.553558
11,97,4-4-4-4-4-0-4-0-0-3-0-4-4-0-4-4,428.97476,22.162014
11,98,4-3-4-4-4-0-4-0-0-4-0-4-0-4-4-4,428.9629,20.583286
11,99,4-4-4-3-3-0-0-0-0-1-0-4-4-4-4-4,428.95883,18.37873
11,100,4-4-4-4-4-0-3-0-0-4-0-4-4-0-4-4,428.94882,22.166336
12,1,4-4-4-4-4-0-4-0-0-4-0-4-4-4-4-4,436.94708,23.650879
12,2,4-4-4-4-4-0-3-0-0-4-0-4-4-4-4-4,436.36823,22.727188
12,3,4-4-4-4-4-0-4-0-0-3-0-4-4-4-4-4,436.36823,22.727188
12,4,4-4-4-0-0-0-0-4-4-4-4-4-4-4-4-4,436.29376,15.839441
12,5,4-4-4-4-4-4-4-0-0-0-0-3-4-4-4-4,436.22794,20.842293
12,6,4-4-4-4-3-0-4-0-0-4-0-4-4-4-4-4,436.10803,22.549273
12,7,4-4-4-4-4-0-2-0-0-4-0-4-4-4-4-4,435.96063,22.86258
12,8,4-4-4-4-4-0-4-0-0-2-0-4-4-4-4-4,435.96063,22.86258
12,9,4-4-4-4-4-0-3-0-0-3-0-4-4-4-4-4,435.79578,21.821232
12,10,4-4-4-4-4-0-0-0-0-3-4-4-4-4-4-4,435.77002,20.959997
12,11,4-4-4-4-4-2-4-0-0-0-0-3-4-4-4-4,435.5921,20.929659
12,12,4-4-4-4-2-0-4-0-0-4-0-4-4-4-4-4,435.55585,23.117304
12,13,4-4-4-4-4-0-4-0-0-4-0-2-4-4-4-4,435.55585,23.117304
12,14,4-4-4-4-3-0-4-0-0-3-0-4-4-4-4-4,435.49106,21.646519
12,15,4-4-4-4-4-3-4-0-0-0-0-2-4-4-4-4,435.42242,21.274027
12,16,4-4-4-4-4-0-0-4-4-0-0-3-4-4-4-4,435.33514,16.844362
12,17,4-4-4-4-4-0-3-0-0-3-0-3-4-4-4-4,434.94406,20.704603
12,18,4-4-4-4-3-0-0-0-0-4-4-2-4-4-4-4,434.92798,20.317144
12,19,4-3-4-4-4-0-4-0-0-4-0-4-4-4-4-4,434.9241,22.656065
12,20,4-4-4-4-4-0-4-0-0-4-0-4-4-4-3-4,434.9241,22.656065
12,21,4-4-4-4-4-0-4-0-0-3-0-4-3-4-4-4,434.92,21.641207
12,22,4-4-4-3-4-0-3-0-0-4-0-4-4-4-4-4,434.92,21.641207
12,23,4-4-4-4-4-0-3-0-0-4-0-2-4-4-4-4,434.91165,22.207949
12,24,4-4-4-4-2-0-4-0-0-3-0-4-4-4-4-4,434.91165,22.207949
12,25,4-4-4-4-4-4-4-0-0-0-0-4-4-4-3-4,434.84583,20.876377
12,26,4-4-4-4-4-1-4-0-0-0-0-4-4-4-4-4,434.8187,21.932817
12,27,4-4-4-4-2-2-4-0-0-0-0-4-4-4-4-4,434.79004,21.518385
12,28,4-4-4-4-4-0-0-0-0-4-2-2-4-4-4-4,434.79004,21.518385
12,29,4-4-4-3-3-0-4-0-0-4-0-4-4-4-4-4,434.7224,21.459301
12,30,4-4-4-4-3-2-4-0-0-0-0-3-4-4-4-4,434.70718,19.900225
12,31,4-4-4-4-4-3-3-0-0-0-0-4-3-4-4-4,434.38745,19.857878
12,32,4-4-4-3-4-2-4-0-0-0-0-4-4-4-4-4,434.34137,20.924843
12,33,4-3-4-4-4-0-3-0-0-4-0-4-4-4-4-4,434.33572,21.690746
12,34,4-4-4-4-4-0-3-0-0-3-0-4-3-4-4-4,434.3327,20.753347
12,35,4-4-4-4-3-4-3-0-0-0-0-3-4-4-4-4,434.32532,18.791672
12,36,4-4-4-4-4-0-0-0-0-4-4-3-3-4-4-4,434.2957,19.738588
12,37,4-4-4-4-4-0-3-0-0-4-0-4-4-4-3-4,434.26144,21.749477
12,38,4-4-4-4-4-0-4-0-4-0-0-4-4-4-4-4,434.25894,19.493385
12,39,4-4-4-4-4-4-4-0-0-0-0-3-4-4-3-4,434.22607,19.660696
12,40,4-4-4-4-4-0-0-3-0-4-0-4-4-4-4-4,434.20657,20.152973
12,41,4-4-4-4-4-0-4-0-0-1-0-4-4-4-4-4,434.1623,22.015762
12,42,4-4-4-4-4-4-4-0-0-4-0-4-0-4-4-4,434.14395,21.31474
12,43,4-4-3-4-4-0-4-0-0-3-0-4-4-4-4-4,434.1092,22.44471
12,44,4-4-4-0-0-0-0-4-3-4-4-2-4-4-4-4,434.10333,15.217409
12,45,4-4-4-4-4-0-0-3-4-0-0-3-4-4-4-4,434.09576,16.55308
12,46,4-4-4-4-4-4-3-0-0-0-0-4-4-3-4-4,433.98163,20.742086
12,47,4-4-4-4-4-0-0-3-3-0-0-4-4-4-4-4,433.91772,17.91191
12,48,4-4-4-4-2-0-3-0-0-2-0-4-4-4-4-4,433.9158,21.421028
12,49,4-4-4-4-4-0-4-0-0-4-4-0-4-4-4-4,433.90677,21.146326
12,50,4-4-4-4-4-0-4-0-0-4-0-3-4-3-4-4,433.8999,22.255253
12,51,4-4-4-4-4-4-3-0-0-0-0-4-4-4-3-4,433.78503,19.901175
12,52,4-4-4-4-3-0-4-4-4-0-0-4-0-4-4-4,433.7722,16.834457
12,53,4-4-4-3-2-0-3-0-0-4-0-4-4-4-4-4,433.746,21.100924
12,54,4-4-4-4-3-0-4-0-0-4-0-4-4-3-4-4,433.74323,22.263033
12,55,4-4-4-4-4-4-4-0-0-4-0-3-0-4-4-4,433.67288,20.328772
12,56,4-4-4-4-4-0-0-0-0-4-2-3-3-4-4-4,433.55954,19.858854
12,57,4-4-4-4-4-0-0-4-0-3-0-4-4-4-4-4,433.5013,18.45347
12,58,4-4-4-4-3-0-0-0-0-4-3-4-4-3-4-4,433.4793,20.440321
12,59,4-4-4-4-3-0-1-0-0-4-0-4-4-4-4-4,433.45905,20.79225
12,60,4-4-4-4-4-0-3-4-4-0-0-3-0-4-4-4,433.41928,15.649906
12,61,4-4-4-0-4-0-0-3-4-4-0-4-4-4-4-4,433.2815,17.417255
12,62,4-4-4-4-4-0-0-0-1-4-0-4-4-4-4-4,433.254,21.381378
12,63,4-4-4-4-3-0-4-0-0-4-0-3-2-4-4-4,433.23544,19.986916
12,64,4-4-4-4-4-0-4-0-0-2-0-4-4-4-2-4,433.17285,22.430235
12,65,4-4-0-4-4-0-4-0-0-4-3-4-4-4-4-4,433.1378,22.901205
12,66,4-4-4-4-4-0-0-0-0-4-4-3-4-4-3-4,433.12396,19.712141
12,67,4-4-0-4-4-0-0-4-0-4-4-4-4-4-4-4,433.11182,19.598389
12,68,4-4-4-4-4-0-4-0-3-0-0-2-4-4-4-4,433.10486,19.541048
12,69,4-4-4-4-3-0-0-4-4-0-0-4-4-3-4-4,433.10208,16.631512
12,70,4-4-4-4-4-4-4-0-4-0-0-3-0-4-4-4,433.08466,16.274548
12,71,4-4-4-0-3-0-4-0-0-4-2-4-4-4-4-4,433.02267,20.441677
12,72,4-4-4-4-4-0-3-0-0-4-4-0-4-4-4-4,433.0144,20.262743
12,73,4-4-4-4-4-0-4-0-0-1-0-2-4-4-4-4,432.99957,21.422346
12,74,4-4-4-4-0-2-4-0-0-4-0-4-4-4-4-4,432.97034,21.341143
12,75,4-4-4-4-4-0-4-3-0-0-0-4-4-4-4-4,432.96503,19.826189
12,76,4-4-4-4-4-0-0-0-3-4-0-4-4-4-4-4,432.96503,19.826189
12,77,4-4-4-4-4-0-0-0-4-4-0-4-4-4-4-4,432.96387,19.141867
12,78,4-4-4-4-4-0-0-4-0-4-0-2-4-4-4-4,432.91534,19.050394
12,79,4-4-4-3-4-0-0-2-0-4-0-4-4-4-4-4,432.90997,19.265083
12,80,4-4-4-4-0-0-4-0-0-4-4-4-4-4-4-4,432.9062,21.764198
12,81,4-4-4-4-4-3-4-0-4-0-0-4-0-4-4-4,432.90527,17.203146
12,82,4-4-4-1-4-0-4-0-0-4-0-4-4-4-4-4,432.90176,21.782694
12,83,4-4-4-4-4-0-3-0-0-4-0-4-3-4-3-4,432.85297,20.702
12,84,4-4-4-4-4-0-0-3-4-0-0-3-3-4-4-4,432.84393,15.405459
12,85,4-4-4-4-4-0-4-0-0-3-0-2-4-3-4-4,432.84146,21.890831
12,86,4-4-4-4-4-2-0-0-0-4-0-4-4-4-4-4,432.83832,21.524103
12,87,4-4-4-4-4-1-2-0-0-0-0-3-4-4-4-4,432.8156,19.99881
12,88,4-4-4-4-4-0-0-2-0-4-0-2-4-4-4-4,432.78506,20.023222
12,89,4-4-0-4-4-0-4-4-4-0-0-4-4-4-4-4,432.7799,19.178879
12,90,4-4-4-3-3-0-4-0-0-2-0-3-4-4-4-4,432.77765,19.654829
12,91,4-4-0-4-4-0-0-4-4-4-0-4-4-4-4-4,432.7495,19.26596
12,92,4-4-2-4-4-2-4-0-0-0-0-4-4-4-4-4,432.7171,21.47554
12,93,4-4-4-4-3-4-4-0-0-4-0-2-0-4-4-4,432.67728,19.81626
12,94,4-3-4-4-2-0-4-0-0-4-0-3-4-4-4-4,432.65167,20.980114
12,95,4-4-4-4-4-3-3-0-0-0-0-4-4-4-2-4,432.62842,20.429316
12,96,4-3-4-4-3-0-4-0-0-4-0-2-4-4-4-4,432.61368,20.93851
12,97,4-4-4-0-4-3-4-0-0-4-0-4-4-4-4-4,432.60892,21.126314
12,98,4-4-4-2-0-4-4-0-0-4-0-4-4-4-4-4,432.60394,19.623983
12,99,4-4-4-0-3-0-0-4-0-4-3-4-4-4-4-4,432.52322,16.00858
12,100,4-4-4-4-2-0-4-4-4-0-0-0-3-4-4-4,432.46417,16.05637
13,1,4-4-4-4-4-4-4-0-0-4-0-4-4-4-4-4,439.87433,23.49894
13,2,4-4-4-4-4-0-4-0-0-4-4-4-4-4-4-4,439.87433,23.49894
13,3,4-4-4-4-4-0-4-4-4-0-0-4-4-4-4-4,439.55957,19.66223
13,4,4-4-4-4-4-0-4-0-0-4-3-4-4-4-4-4,439.48004,23.40702
13,5,4-4-4-4-4-0-3-0-0-4-4-4-4-4-4-4,439.2845,22.585041
13,6,4-4-4-4-3-4-4-0-0-4-0-4-4-4-4-4,439.20932,22.321583
13,7,4-4-4-4-4-0-4-0-0-4-4-3-4-4-4-4,439.20932,22.321583
13,8,4-4-4-4-3-0-4-0-0-4-4-4-4-4-4-4,439.07715,22.483793
13,9,4-4-4-4-4-4-4-4-4-0-0-0-4-4-4-4,438.9745,17.67497
13,10,4-4-4-4-0-0-0-4-4-4-4-4-4-4-4-4,438.9745,17.67497
13,11,4-4-4-4-4-0-4-4-4-0-0-3-4-4-4-4,438.97076,18.541967
13,12,4-4-4-4-3-0-0-4-4-4-0-4-4-4-4-4,438.97076,18.541967
13,13,4-4-4-0-3-0-0-4-4-4-4-4-4-4-4-4,438.89246,16.597872
13,14,4-4-4-4-4-4-4-4-4-0-0-3-0-4-4-4,438.89246,16.597872
13,15,4-4-4-4-4-3-4-0-0-3-0-4-4-4-4-4,438.8758,22.492493
13,16,4-4-4-4-3-3-4-0-0-4-0-4-4-4-4-4,438.76794,22.248219
13,17,4-4-0-4-4-0-0-4-4-4-4-4-4-4-4-4,438.67014,19.338732
13,18,4-4-4-4-4-4-4-4-4-0-0-4-4-0-4-4,438.67014,19.338732
13,19,4-4-4-4-4-3-4-0-0-4-0-3-4-4-4-4,438.66284,22.366531
13,20,4-4-4-4-4-0-4-4-4-0-0-2-4-4-4-4,438.59247,19.099884
13,21,4-4-4-4-4-0-4-3-4-0-0-4-4-4-4-4,438.47708,19.565952
13,22,4-4-4-4-4-0-0-3-0-4-4-4-4-4-4-4,438.43274,20.48998
13,23,4-4-4-4-4-0-4-4-4-4-4-0-0-4-4-4,438.37793,16.86019
13,24,4-4-4-4-0-0-0-4-4-4-3-4-4-4-4-4,438.35785,17.50709
13,25,4-4-4-3-4-0-0-4-4-4-0-4-4-4-4-4,438.34625,18.630472
13,26,4-4-4-0-3-0-0-4-4-4-3-4-4-4-4-4,438.30978,16.464264
13,27,4-4-4-4-3-4-4-4-4-0-0-0-4-4-4-4,438.3054,16.656208
13,28,4-4-4-4-4-0-0-3-4-4-0-4-4-4-4-4,438.20215,19.384846
13,29,4-4-4-4-4-0-4-4-3-0-0-4-4-4-4-4,438.20215,19.384846
13,30,4-4-4-0-4-0-0-4-3-4-4-4-4-4-4-4,438.13577,17.641087
13,31,4-4-4-4-4-0-0-4-2-4-0-4-4-4-4-4,438.05347,19.804903
13,32,4-4-4-3-4-0-4-4-4-0-0-4-4-4-4-4,438.04593,18.520298
13,33,4-4-4-0-0-0-4-4-4-4-4-4-4-4-4-4,438.04022,17.59677
13,34,4-4-4-4-3-3-4-4-4-0-0-4-0-4-4-4,438.01276,16.55086
13,35,4-4-4-4-3-0-4-0-0-4-4-2-4-4-4-4,437.9935,21.900919
13,36,4-4-4-4-3-3-4-0-0-4-0-3-4-4-4-4,437.95554,21.250763
13,37,4-4-4-4-4-0-4-4-0-4-0-4-4-4-4-4,437.87042,21.155386
13,38,4-4-4-4-4-0-4-0-4-4-0-4-4-4-4-4,437.87042,21.155386
13,39,4-4-4-4-4-0-3-0-0-4-2-3-4-4-4-4,437.8675,21.561182
13,40,4-4-4-4-4-0-0-4-0-4-2-4-4-4-4-4,437.85663,19.954975
13,41,4-4-4-4-4-1-4-0-0-4-0-4-4-4-4-4,437.85474,23.61217
13,42,4-4-0-4-4-4-4-4-4-0-0-4-4-4-4-4,437.8437,19.25804
13,43,4-4-4-4-4-0-4-4-4-4-0-4-0-4-4-4,437.8308,19.32614
13,44,4-4-4-0-3-0-0-4-3-4-4-4-4-4-4-4,437.76044,16.530952
13,45,4-4-4-4-4-0-4-0-3-4-0-4-4-4-4-4,437.72827,21.771008
13,46,4-4-4-4-3-0-0-4-4-2-0-4-4-4-4-4,437.72394,17.760954
13,47,4-4-4-4-4-4-3-0-0-2-0-4-4-4-4-4,437.71832,21.677923
13,48,4-4-4-0-4-0-0-4-2-4-4-4-4-4-4-4,437.71115,17.887972
13,49,4-4-4-4-4-0-4-2-0-4-0-4-4-4-4-4,437.70016,22.079937
13,50,4-4-4-0-0-4-4-4-4-3-0-4-4-4-4-4,437.6717,15.934041
13,51,4-4-4-4-0-0-0-4-4-3-4-4-4-4-4-4,437.64673,16.69262
13,52,4-4-4-4-4-0-4-4-2-0-0-4-4-4-4-4,437.62234,19.602602
13,53,4-4-4-4-3-0-0-3-4-4-0-4-4-4-4-4,437.61176,18.293606
13,54,4-4-4-4-2-3-4-4-4-0-0-4-0-4-4-4,437.6092,17.029106
13,55,4-4-3-4-4-4-4-0-0-4-0-4-4-4-4-4,437.5714,23.240856
13,56,4-4-4-4-3-3-4-0-4-0-0-4-4-4-4-4,437.54074,18.719156
13,57,4-4-4-4-2-0-0-4-3-4-0-4-4-4-4-4,437.49915,18.957962
13,58,4-4-4-4-2-0-4-0-0-4-4-2-4-4-4-4,437.49094,22.418024
13,59,4-4-4-4-4-2-4-0-2-0-0-4-4-4-4-4,437.4647,20.859924
13,60,4-4-4-4-4-4-4-4-0-0-0-4-4-4-4-4,437.42426,18.871147
13,61,4-4-4-4-4-0-0-0-4-4-4-4-4-4-4-4,437.42426,18.871147
13,62,4-4-0-4-3-0-0-4-4-4-3-4-4-4-4-4,437.4157,18.091103
13,63,4-4-4-4-0-0-4-4-4-4-0-4-4-4-4-4,437.3971,19.47147
13,64,4-4-4-4-4-0-4-4-4-4-0-0-4-4-4-4,437.3971,19.47147
13,65,4-4-4-0-3-0-4-4-4-4-0-4-4-4-4-4,437.37128,18.289524
13,66,4-4-4-4-4-0-4-4-4-4-0-3-0-4-4-4,437.37128,18.289524
13,67,4-4-4-4-4-0-0-3-4-4-0-3-4-4-4-4,437.35852,18.353313
13,68,4-4-4-2-4-4-4-0-0-4-0-4-4-4-4-4,437.3307,21.917871
13,69,4-4-4-4-4-0-4-4-4-0-0-4-4-4-3-4,437.30017,18.75003
13,70,4-4-4-4-3-0-0-3-0-4-3-4-4-4-4-4,437.28802,19.092262
13,71,4-4-4-4-4-0-4-4-3-4-4-0-0-4-4-4,437.28253,16.95034
13,72,4-4-4-4-4-0-4-1-0-4-0-4-4-4-4-4,437.2544,23.258612
13,73,4-4-4-4-3-2-4-4-4-0-0-0-4-4-4-4,437.23666,16.746565
13,74,4-4-4-4-2-0-0-3-4-4-0-4-4-4-4-4,437.2359,18.841032
13,75,4-4-0-4-4-4-4-4-4-0-0-3-4-4-4-4,437.1828,18.16864
13,76,4-4-4-4-4-3-4-4-3-0-0-0-4-4-4-4,437.17917,17.28303
13,77,4-4-4-4-3-0-4-0-4-4-0-4-4-4-4-4,437.15472,20.192911
13,78,4-4-3-4-4-3-4-0-0-4-0-4-4-4-4-4,437.13257,23.140863
13,79,4-4-4-4-3-0-4-4-0-4-0-4-4-4-4-4,437.11533,19.998583
13,80,4-4-4-4-3-0-4-4-4-4-0-4-0-4-4-4,437.1029,18.338213
13,81,4-4-4-4-4-0-3-3-0-4-0-4-4-4-4-4,437.0957,20.843758
13,82,4-4-4-4-4-0-3-2-0-4-0-4-4-4-4-4,437.0726,21.153532
13,83,4-4-4-4-4-0-4-4-0-3-0-4-4-4-4-4,436.98602,20.101734
13,84,4-4-4-4-4-0-4-3-0-4-0-3-4-4-4-4,436.98254,20.803934
13,85,4-4-4-4-3-0-4-2-0-4-0-4-4-4-4-4,436.9246,20.97994
13,86,4-4-4-4-3-0-0-0-4-4-4-4-4-4-4-4,436.88242,17.8934
13,87,4-4-3-4-4-0-4-4-4-0-0-3-4-4-4-4,436.84943,18.284796
13,88,4-4-4-4-4-0-4-4-4-3-0-0-4-4-4-4,436.80667,18.426235
13,89,4-4-4-4-4-3-4-3-0-0-0-4-4-4-4-4,436.79733,19.499332
13,90,4-4-4-4-4-0-0-2-4-4-0-3-4-4-4-4,436.78528,18.570805
13,91,4-4-4-4-4-0-4-0-4-2-0-4-4-4-4-4,436.7791,20.327991
13,92,4-4-4-4-4-0-0-4-4-0-3-4-4-4-4-4,436.75623,17.541553
13,93,4-4-4-4-0-0-0-4-4-4-4-3-3-4-4-4,436.7544,15.634825
13,94,4-4-0-4-4-4-3-4-4-0-0-4-4-4-4-4,436.72556,18.235615
13,95,4-4-4-4-3-2-2-0-0-4-0-4-4-4-4-4,436.71265,21.474808
13,96,4-4-4-4-4-0-0-4-4-4-0-3-4-3-4-4,436.70993,18.415184
13,97,4-4-4-4-4-0-4-4-0-4-0-2-4-4-4-4,436.70682,20.693281
13,98,4-4-4-4-4-4-4-4-4-0-0-2-3-0-4-4,436.70538,17.740086
13,99,4-4-4-4-3-4-4-0-0-3-0-4-4-3-4-4,436.68805,21.191113
13,100,4-4-4-4-4-0-0-4-4-4-2-0-4-4-4-4,436.68616,17.551826
14,1,4-4-4-4-4-0-0-4-4-4-4-4-4-4-4-4,444.25168,19.693298
14,2,4-4-4-4-4-4-4-4-4-0-0-4-4-4-4-4,444.25168,19.693298
14,3,4-4-4-4-4-3-4-4-4-0-0-4-4-4-4-4,443.75375,19.55062
14,4,4-4-4-4-4-0-0-4-4-4-3-4-4-4-4-4,443.75375,19.55062
14,5,4-4-4-4-4-4-4-4-4-0-0-3-4-4-4-4,443.69693,18.616413
14,6,4-4-4-4-4-0-4-4-4-4-0-4-4-4-4-4,443.45337,21.478601
14,7,4-4-4-4-4-2-4-4-4-0-0-4-4-4-4-4,443.40308,19.78977
14,8,4-4-4-4-4-4-4-3-4-0-0-4-4-4-4-4,443.20294,19.741564
14,9,4-4-4-4-4-0-0-4-4-4-4-2-4-4-4-4,443.11655,19.12568
14,10,4-4-4-3-4-0-0-4-4-4-4-4-4-4-4-4,443.11276,18.611048
14,11,4-4-4-4-4-0-0-4-4-3-4-4-4-4-4-4,443.09927,18.67124
14,12,4-4-4-4-4-4-4-4-3-0-0-4-4-4-4-4,442.9721,19.28502
14,13,4-4-4-4-4-4-4-0-0-4-3-4-4-4-4-4,442.8392,23.213322
14,14,4-4-4-4-3-0-0-4-4-4-2-4-4-4-4-4,442.83392,18.71725
14,15,4-4-4-4-4-0-4-4-4-4-0-3-4-4-4-4,442.73642,20.395727
14,16,4-4-4-4-3-0-4-4-4-4-0-4-4-4-4-4,442.73642,20.395727
14,17,4-4-4-4-4-0-3-4-4-4-0-4-4-4-4-4,442.71988,20.506096
14,18,4-4-4-4-4-3-4-3-4-0-0-4-4-4-4-4,442.68405,19.58559
14,19,4-4-4-4-4-0-0-4-4-3-3-4-4-4-4-4,442.63184,18.574404
14,20,4-4-4-4-4-0-0-4-4-3-4-3-4-4-4-4,442.42358,17.545326
14,21,4-4-4-4-4-0-4-3-4-4-0-4-4-4-4-4,442.37646,21.300161
14,22,4-4-4-4-4-0-4-4-3-4-0-4-4-4-4-4,442.37646,21.300161
14,23,4-4-4-4-2-0-4-4-4-4-0-4-4-4-4-4,442.292,20.935165
14,24,4-4-4-4-4-0-4-4-4-4-0-2-4-4-4-4,442.292,20.935165
14,25,4-4-4-4-4-0-0-4-4-4-4-4-4-3-4-4,442.25763,19.470583
14,26,4-4-4-3-4-0-0-4-4-4-2-4-4-4-4-4,442.22253,18.714151
14,27,4-4-4-4-2-4-4-4-4-0-0-2-4-4-4-4,442.20142,18.604063
14,28,4-4-4-4-4-2-4-0-0-4-3-4-4-4-4-4,442.16406,23.344143
14,29,4-3-4-4-4-0-0-4-4-4-4-4-4-4-4-4,442.11136,18.735336
14,30,4-4-4-4-4-0-4-4-4-4-0-4-3-4-4-4,442.08597,20.385221
14,31,4-4-4-3-4-0-4-4-4-4-0-4-4-4-4-4,442.08597,20.385221
14,32,4-4-4-4-3-0-3-4-4-4-0-4-4-4-4-4,442.0611,19.394976
14,33,4-4-4-4-4-3-4-4-4-0-0-4-4-3-4-4,442.02164,19.366394
14,34,4-4-4-4-3-0-4-4-4-4-0-3-4-4-4-4,442.02023,19.33777
14,35,4-4-4-4-4-4-4-4-4-4-0-4-0-4-4-4,442.0034,19.130716
14,36,4-4-4-4-4-0-3-4-4-4-0-3-4-4-4-4,441.98517,19.442305
14,37,4-4-4-4-3-0-4-4-4-3-0-4-4-4-4-4,441.98517,19.442305
14,38,4-4-4-4-4-4-4-4-4-4-4-0-0-4-4-4,441.92325,17.048994
14,39,4-4-4-4-4-0-4-4-2-4-0-4-4-4-4-4,441.92157,21.533043
14,40,4-4-4-4-4-0-4-2-4-4-0-4-4-4-4-4,441.92157,21.533043
14,41,4-4-4-4-0-4-4-4-4-4-0-4-4-4-4-4,441.841,18.890121
14,42,4-4-4-4-4-0-4-4-4-4-4-0-4-4-4-4,441.841,18.890121
14,43,4-4-4-4-4-4-4-4-3-0-0-4-3-4-4-4,441.8002,18.227192
14,44,4-4-3-4-2-0-0-4-4-4-4-4-4-4-4-4,441.65976,18.973837
14,45,4-4-4-4-3-0-4-4-3-4-0-4-4-4-4-4,441.65765,20.201195
14,46,4-4-4-4-4-0-4-3-4-4-0-3-4-4-4-4,441.65765,20.201195
14,47,4-4-4-4-4-2-4-4-2-0-0-4-4-4-4-4,441.62958,19.605106
14,48,4-4-4-0-3-0-4-4-4-4-4-4-4-4-4-4,441.60687,18.20271
14,49,4-4-4-4-4-4-4-4-4-4-0-3-0-4-4-4,441.60687,18.20271
14,50,4-4-4-4-2-0-4-4-4-4-0-3-4-4-4-4,441.58597,19.86495
14,51,4-4-4-4-3-0-4-4-4-4-0-2-4-4-4-4,441.58597,19.86495
14,52,4-4-4-4-4-0-3-3-4-4-0-4-4-4-4-4,441.55643,20.260345
14,53,4-4-4-4-4-0-4-4-4-4-0-4-2-4-4-4,441.53027,19.904518
14,54,4-4-4-2-4-0-4-4-4-4-0-4-4-4-4-4,441.53027,19.904518
14,55,4-4-4-0-0-3-4-4-4-4-4-4-4-4-4-4,441.5,16.97801
14,56,4-4-4-0-4-0-4-4-4-4-3-4-4-4-4-4,441.49915,19.036543
14,57,4-4-4-4-4-3-4-4-4-4-0-4-0-4-4-4,441.49915,19.036543
14,58,4-4-4-4-4-0-4-4-4-4-0-3-3-4-4-4,441.4908,19.327675
14,59,4-4-4-4-4-0-4-0-4-4-4-4-4-4-4-4,441.48108,20.828074
14,60,4-4-4-0-0-4-4-4-4-4-3-4-4-4-4-4,441.47006,16.84986
14,61,4-3-4-4-4-4-4-4-4-0-0-4-4-4-4-4,441.3902,18.74276
14,62,4-4-4-4-4-4-4-4-4-4-0-4-4-0-4-4,441.3893,20.926085
14,63,4-4-0-4-4-0-4-4-4-4-4-4-4-4-4-4,441.3893,20.926085
14,64,4-4-4-0-4-0-4-4-4-4-4-3-4-4-4-4,441.37958,18.022575
14,65,4-4-4-4-4-4-4-4-4-4-0-2-0-4-4-4,441.3465,18.70645
14,66,4-4-4-4-4-4-4-0-4-4-0-4-4-4-4-4,441.33615,21.536963
14,67,4-4-4-4-4-0-4-4-0-4-4-4-4-4-4-4,441.33615,21.536963
14,68,4-4-4-4-4-0-4-4-4-4-3-0-4-4-4-4,441.32178,18.861403
14,69,4-4-4-4-0-3-4-4-4-4-0-4-4-4-4-4,441.32178,18.861403
14,70,4-4-4-4-3-0-0-4-4-4-4-3-3-4-4-4,441.31577,16.47469
14,71,4-4-4-4-3-0-0-3-4-4-4-2-4-4-4-4,441.30963,17.695822
14,72,4-4-4-4-4-0-4-4-4-4-0-4-4-3-4-4,441.29407,21.222694
14,73,4-4-4-4-4-0-4-0-3-4-4-4-4-4-4-4,441.25967,21.487299
14,74,4-4-4-4-0-0-4-4-4-4-4-4-4-4-4-4,441.22156,19.491503
14,75,4-4-4-4-4-4-4-4-4-4-0-0-4-4-4-4,441.22156,19.491503
14,76,4-4-4-3-4-3-4-0-0-4-4-4-4-4-4-4,441.22046,22.119635
14,77,4-4-4-4-3-0-0-4-4-4-4-4-2-4-4-4,441.21378,17.008688
14,78,4-4-4-4-4-0-4-2-4-3-0-4-4-4-4-4,441.19937,20.571514
14,79,4-4-4-4-4-0-3-4-2-4-0-4-4-4-4-4,441.19937,20.571514
14,80,4-4-4-0-0-2-4-4-4-4-4-4-4-4-4-4,441.1947,17.231207
14,81,4-4-4-4-2-0-4-4-3-4-0-4-4-4-4-4,441.1938,20.745823
14,82,4-4-4-4-4-0-0-4-4-2-4-2-4-4-4-4,441.1712,18.199892
14,83,4-4-4-4-0-4-4-4-4-4-0-3-4-4-4-4,441.16705,17.949726
14,84,4-4-4-4-4-4-4-2-0-4-0-4-4-4-4-4,441.15332,21.80683
14,85,4-4-4-4-3-0-0-4-4-4-2-4-3-4-4-4,441.15005,17.598316
14,86,4-4-4-4-4-0-4-4-4-4-0-2-3-4-4-4,441.0906,19.86303
14,87,4-4-4-4-4-3-4-4-0-4-0-4-4-4-4-4,441.05768,20.741543
14,88,4-4-4-4-4-0-4-0-4-4-3-4-4-4-4-4,441.05768,20.741543
14,89,4-4-4-4-4-0-4-4-4-4-2-0-4-4-4-4,440.99146,19.073505
14,90,4-4-4-4-0-2-4-4-4-4-0-4-4-4-4-4,440.99146,19.073505
14,91,4-4-4-4-4-0-0-3-2-4-2-4-4-4-4-4,440.913,20.022429
14,92,4-4-4-4-4-3-4-0-4-4-0-4-4-4-4-4,440.90656,21.301376
14,93,4-4-4-4-4-0-4-4-0-4-3-4-4-4-4-4,440.90656,21.301376
14,94,4-4-4-4-3-0-3-3-4-4-0-4-4-4-4-4,440.89386,19.208773
14,95,4-4-4-4-3-0-3-4-4-4-0-2-4-4-4-4,440.878,18.886635
14,96,4-4-4-4-3-3-4-4-4-4-0-4-0-4-4-4,440.8703,17.940891
14,97,4-4-4-0-0-3-4-4-4-4-4-3-4-4-4-4,440.85373,16.02981
14,98,4-4-4-4-3-0-2-4-4-4-0-3-4-4-4-4,440.84985,18.52206
14,99,4-4-4-4-4-1-4-4-4-0-0-3-4-4-4-4,440.84787,18.536459
14,100,4-4-4-4-4-3-4-4-4-4-0-4-4-0-4-4,440.8431,20.826721
15,1,4-4-4-4-4-4-4-4-4-4-0-4-4-4-4-4,447.349,21.311562
15,2,4-4-4-4-4-0-4-4-4-4-4-4-4-4-4-4,447.349,21.311562
15,3,4-4-4-4-4-3-4-4-4-4-0-4-4-4-4-4,446.91916,21.218725
15,4,4-4-4-4-4-4-4-4-4-3-0-4-4-4-4-4,446.7727,20.362677
15,5,4-4-4-4-3-4-4-4-4-4-0-4-4-4-4-4,446.74216,20.178566
15,6,4-4-4-4-4-0-4-4-4-4-4-3-4-4-4-4,446.74216,20.178566
15,7,4-4-4-4-4-4-4-4-4-4-0-3-4-4-4-4,446.68863,20.318933
15,8,4-4-4-4-3-0-4-4-4-4-4-4-4-4-4-4,446.68863,20.318933
15,9,4-4-4-4-4-2-4-4-4-4-0-4-4-4-4-4,446.58698,21.438492
15,10,4-4-4-4-4-0-2-4-4-4-4-4-4-4-4-4,446.4262,20.527786
15,11,4-4-4-4-4-0-4-4-4-4-4-2-4-4-4-4,446.3433,20.702822
15,12,4-4-4-4-4-3-4-4-4-3-0-4-4-4-4-4,446.3139,20.252848
15,13,4-4-4-4-4-0-4-4-4-4-3-3-4-4-4-4,446.2765,20.102283
15,14,4-4-4-4-3-3-4-4-4-4-0-4-4-4-4-4,446.2765,20.102283
15,15,4-4-4-4-2-0-4-4-4-4-4-4-4-4-4-4,446.271,20.845009
15,16,4-4-4-4-4-4-4-4-4-4-0-2-4-4-4-4,446.271,20.845009
15,17,4-4-4-4-4-3-4-4-4-4-0-3-4-4-4-4,446.23846,20.185686
15,18,4-4-4-4-4-0-4-4-3-4-4-4-4-4-4-4,446.1953,21.24669
15,19,4-4-4-4-4-4-3-4-4-4-0-4-4-4-4-4,446.17197,20.226065
15,20,4-4-4-4-3-0-3-4-4-4-4-4-4-4-4-4,446.15063,19.340992
15,21,4-4-4-4-4-4-4-4-3-4-0-4-4-4-4-4,446.14026,21.026052
15,22,4-4-4-4-3-4-4-4-4-4-0-3-4-4-4-4,446.0793,19.213314
15,23,4-4-4-3-4-0-4-4-4-4-4-4-4-4-4-4,446.0287,20.197098
15,24,4-4-4-4-4-4-4-4-4-4-0-4-3-4-4-4,446.0287,20.197098
15,25,4-4-4-4-4-2-4-4-4-3-0-4-4-4-4-4,445.99353,20.480715
15,26,4-4-4-4-4-3-4-4-4-2-0-4-4-4-4-4,445.9643,20.418308
15,27,4-4-4-4-4-2-4-4-4-4-0-3-4-4-4-4,445.90253,20.424423
15,28,4-4-4-4-4-0-4-4-4-4-3-2-4-4-4-4,445.85324,20.617876
15,29,4-4-4-4-2-3-4-4-4-4-0-4-4-4-4-4,445.85324,20.617876
15,30,4-4-4-4-2-0-4-4-4-4-3-4-4-4-4-4,445.8032,20.71496
15,31,4-4-4-4-4-3-4-4-4-4-0-2-4-4-4-4,445.8032,20.71496
15,32,4-4-4-4-2-4-4-4-4-3-0-4-4-4-4-4,445.78104,19.76293
15,33,4-4-4-4-4-4-4-2-4-4-0-4-4-4-4-4,445.77594,21.503847
15,34,4-4-4-4-4-4-4-4-4-3-0-2-4-4-4-4,445.75366,19.871613
15,35,4-4-4-4-3-0-4-4-4-4-4-2-4-4-4-4,445.67712,19.729559
15,36,4-4-4-4-4-4-4-4-2-4-0-4-4-4-4-4,445.6468,21.258093
15,37,4-4-4-4-4-0-4-2-4-4-4-4-4-4-4-4,445.6468,21.258093
15,38,4-4-4-4-2-0-4-4-4-4-4-3-4-4-4-4,445.64294,19.719154
15,39,4-4-4-3-4-4-4-4-4-4-0-4-4-4-4-4,445.63907,20.200768
15,40,4-4-4-4-3-3-4-4-4-4-0-3-4-4-4-4,445.59152,19.116858
15,41,4-4-4-4-3-4-4-3-4-4-0-4-4-4-4-4,445.5841,20.147024
15,42,4-4-4-4-4-0-3-4-4-3-4-4-4-4-4-4,445.57935,19.282114
15,43,4-4-4-4-4-4-3-4-4-3-0-4-4-4-4-4,445.57935,19.282114
15,44,4-4-4-4-3-4-3-4-4-4-0-4-4-4-4-4,445.57452,19.062057
15,45,4-4-3-4-4-0-4-4-4-4-4-4-4-4-4-4,445.56863,21.101591
15,46,4-4-4-4-4-4-4-4-4-4-0-4-4-3-4-4,445.56863,21.101591
15,47,4-4-4-4-3-0-4-4-4-3-4-4-4-4-4-4,445.5103,19.269281
15,48,4-4-4-4-4-4-4-3-4-4-0-3-4-4-4-4,445.50726,20.236845
15,49,4-4-4-4-4-0-4-4-4-4-2-2-4-4-4-4,445.50677,20.832302
15,50,4-4-4-4-2-2-4-4-4-4-0-4-4-4-4-4,445.50677,20.832302
15,51,4-4-4-4-2-0-4-4-4-4-2-4-4-4-4-4,445.47107,20.950981
15,52,4-4-4-4-4-2-4-4-4-4-0-2-4-4-4-4,445.47107,20.950981
15,53,4-4-4-2-4-0-4-4-4-4-4-4-4-4-4-4,445.4702,19.707798
15,54,4-4-4-4-4-2-3-4-4-4-0-4-4-4-4-4,445.4556,20.36624
15,55,4-4-4-3-3-0-4-4-4-4-4-4-4-4-4-4,445.43893,19.226273
15,56,4-4-4-4-4-4-4-4-4-2-0-2-4-4-4-4,445.41266,20.03601
15,57,4-4-4-4-4-4-4-4-4-4-4-0-4-4-4-4,445.40613,18.971008
15,58,4-4-4-4-0-4-4-4-4-4-4-4-4-4-4-4,445.40613,18.971008
15,59,4-4-4-3-4-0-4-4-4-4-4-3-4-4-4-4,445.40002,19.08251
15,60,4-4-4-4-4-0-4-3-4-4-2-4-4-4-4-4,445.34503,21.160732
15,61,4-4-4-4-4-2-4-4-4-4-0-4-3-4-4-4,445.30304,20.317686
15,62,4-4-4-4-4-0-3-4-4-4-3-2-4-4-4-4,445.27322,19.677402
15,63,4-4-4-4-2-3-4-4-4-3-0-4-4-4-4-4,445.27322,19.677402
15,64,4-3-4-4-4-0-4-4-4-4-4-4-4-4-4-4,445.2389,20.480621
15,65,4-4-4-4-4-0-2-4-4-3-4-4-4-4-4-4,445.22693,19.44843
15,66,4-4-3-4-4-4-4-4-4-4-0-4-4-4-4-4,445.1986,21.077646
15,67,4-4-4-4-4-0-4-4-3-4-4-2-4-4-4-4,445.1851,20.655777
15,68,4-4-4-4-4-0-4-2-4-4-3-4-4-4-4-4,445.18405,21.18446
15,69,4-4-4-4-4-4-4-2-4-3-0-4-4-4-4-4,445.17682,20.585352
15,70,4-4-4-4-3-4-4-2-4-4-0-4-4-4-4-4,445.17224,20.403643
15,71,4-4-4-4-2-0-4-4-4-4-3-3-4-4-4-4,445.14697,19.639263
15,72,4-4-4-4-4-4-4-4-3-2-0-4-4-4-4-4,445.14465,20.194483
15,73,4-4-4-4-4-0-4-4-3-4-3-3-4-4-4-4,445.09964,20.037622
15,74,4-4-4-4-4-4-3-4-4-4-0-2-4-4-4-4,445.09076,19.772783
15,75,4-4-4-4-4-0-4-3-4-4-4-2-4-4-4-4,445.08783,20.42646
15,76,4-4-4-4-3-0-4-4-4-3-3-4-4-4-4-4,445.0864,19.168589
15,77,4-4-4-4-4-4-4-4-3-4-0-2-4-4-4-4,445.08044,20.573864
15,78,4-4-3-4-4-0-4-4-4-4-3-4-4-4-4-4,445.06638,21.006891
15,79,4-4-4-4-4-0-3-2-4-4-4-4-4-4-4-4,445.01965,20.254837
15,80,4-4-4-4-4-4-3-3-4-4-0-4-4-4-4-4,445.0127,20.18152
15,81,4-4-4-4-4-0-4-4-3-3-4-4-4-4-4-4,445.0127,20.18152
15,82,4-4-4-4-4-3-4-4-4-4-0-3-3-4-4-4,445.01245,19.09727
15,83,4-4-4-4-3-0-4-2-4-4-4-4-4-4-4-4,445.01028,20.304354
15,84,4-4-4-4-4-2-4-4-4-2-0-3-4-4-4-4,445.00803,19.61253
15,85,4-4-4-3-4-0-4-4-4-4-4-2-4-4-4-4,444.99994,19.59754
15,86,4-4-4-4-4-0-3-4-4-3-4-3-4-4-4-4,444.99777,18.136007
15,87,4-4-4-4-3-4-4-4-2-4-0-4-4-4-4-4,444.99023,20.128386
15,88,4-4-4-4-4-3-4-4-4-4-4-0-4-4-4-4,444.9877,18.794228
15,89,4-4-4-4-0-4-4-4-4-4-3-4-4-4-4-4,444.9877,18.794228
15,90,4-4-4-4-4-0-2-4-4-4-2-3-4-4-4-4,444.958,19.543865
15,91,4-4-4-4-3-0-3-4-4-3-4-4-4-4-4-4,444.94254,18.305147
15,92,4-4-4-4-4-2-4-4-4-3-0-2-4-4-4-4,444.92578,19.97711
15,93,4-4-4-4-4-0-4-4-2-4-2-4-4-4-4-4,444.9244,21.609007
15,94,4-4-4-2-4-4-4-4-4-4-0-4-4-4-4-4,444.9195,19.712887
15,95,4-4-4-4-4-4-4-4-4-4-0-3-4-3-4-4,444.91833,20.106453
15,96,4-4-4-4-4-4-4-4-3-3-0-3-4-4-4-4,444.91797,19.061167
15,97,4-4-4-4-3-0-3-3-4-4-4-4-4-4-4-4,444.91797,19.061167
15,98,4-4-4-4-4-4-4-0-4-4-4-4-4-4-4-4,444.9054,21.091368
15,99,4-4-4-4-4-0-4-3-2-4-4-4-4-4-4-4,444.90192,21.527536
15,100,4-4-4-4-3-4-4-3-4-4-0-3-4-4-4-4,444.89133,19.150936
16,1,4-4-4-4-4-4-4-4-4-4-4-4-4-4-4-4,450.301,21.149813
16,2,4-4-4-4-4-3-4-4-4-4-4-4-4-4-4-4,449.90234,21.026161
16,3,4-4-4-4-4-4-4-4-4-4-3-4-4-4-4-4,449.90234,21.026161
16,4,4-4-4-4-3-4-4-4-4-4-4-4-4-4-4-4,449.6854,20.076519
16,5,4-4-4-4-4-4-4-4-4-4-2-4-4-4-4-4,449.6397,21.26498
16,6,4-4-4-4-4-2-4-4-4-4-4-4-4-4-4-4,449.6397,21.26498
16,7,4-4-4-4-4-3-4-4-4-4-3-4-4-4-4-4,449.51276,20.90805
16,8,4-4-4-4-4-4-4-4-3-4-4-4-4-4-4-4,449.2981,21.026625
16,9,4-4-4-4-4-4-4-3-4-4-4-4-4-4-4-4,449.2981,21.026625
16,10,4-4-4-4-4-4-4-4-4-4-4-2-4-4-4-4,449.29706,20.59638
16,11,4-4-4-4-2-4-4-4-4-4-4-4-4-4-4-4,449.29706,20.59638
16,12,4-4-4-4-4-3-4-4-4-4-4-3-4-4-4-4,449.28094,19.93765
16,13,4-4-4-4-3-4-4-4-4-4-3-4-4-4-4-4,449.28094,19.93765
16,14,4-4-4-4-4-4-4-4-4-3-4-4-4-4-4-4,449.2743,20.112717
16,15,4-4-4-4-4-4-3-4-4-4-4-4-4-4-4-4,449.2743,20.112717
16,16,4-4-4-4-3-3-4-4-4-4-4-4-4-4-4-4,449.26932,19.984627
16,17,4-4-4-4-4-4-4-4-4-4-3-3-4-4-4-4,449.26932,19.984627
16,18,4-4-4-4-4-2-4-4-4-4-3-4-4-4-4-4,449.24298,21.143898
16,19,4-4-4-4-4-3-4-4-4-4-2-4-4-4-4-4,449.24298,21.143898
16,20,4-4-4-4-3-4-4-4-4-4-4-3-4-4-4-4,449.06387,19.005177
16,21,4-4-4-4-3-4-4-4-4-4-2-4-4-4-4-4,449.02155,20.186705
16,22,4-4-4-4-3-2-4-4-4-4-4-4-4-4-4-4,449.0147,20.210903
16,23,4-4-4-4-4-2-4-4-4-4-2-4-4-4-4-4,448.97327,21.382164
16,24,4-4-4-4-4-3-3-4-4-4-4-4-4-4-4-4,448.93732,20.023
16,25,4-4-4-4-4-4-4-4-4-3-3-4-4-4-4-4,448.93732,20.023
16,26,4-4-4-4-4-4-4-4-2-4-4-4-4-4-4-4,448.91327,21.268372
16,27,4-4-4-4-4-4-4-2-4-4-4-4-4-4-4-4,448.91327,21.268372
16,28,4-4-4-4-4-3-4-4-4-4-4-2-4-4-4-4,448.88837,20.465414
16,29,4-4-4-4-2-4-4-4-4-4-3-4-4-4-4-4,448.88837,20.465414
16,30,4-4-4-4-4-4-3-4-4-4-3-4-4-4-4-4,448.88373,19.976662
16,31,4-4-4-4-2-3-4-4-4-4-4-4-4-4-4-4,448.88177,20.488287
16,32,4-4-4-4-4-4-4-4-4-4-3-2-4-4-4-4,448.88177,20.488287
16,33,4-4-4-4-3-3-4-4-4-4-3-4-4-4-4-4,448.87143,19.851358
16,34,4-4-4-4-4-4-4-4-4-4-4-4-3-4-4-4,448.8696,20.023054
16,35,4-4-4-3-4-4-4-4-4-4-4-4-4-4-4-4,448.8696,20.023054
16,36,4-4-4-4-4-4-4-3-4-4-3-4-4-4-4-4,448.84125,20.927183
16,37,4-4-4-4-4-4-4-4-3-4-3-4-4-4-4-4,448.83908,20.887691
16,38,4-4-4-4-4-3-4-3-4-4-4-4-4-4-4-4,448.83908,20.887691
16,39,4-4-4-4-3-4-4-3-4-4-4-4-4-4-4-4,448.70615,19.961966
16,40,4-4-4-4-4-4-4-4-3-4-4-3-4-4-4-4,448.70615,19.961966
16,41,4-4-4-4-4-4-4-3-4-4-4-3-4-4-4-4,448.6931,19.926537
16,42,4-4-4-4-2-4-4-4-4-4-4-3-4-4-4-4,448.68842,19.523735
16,43,4-4-4-4-3-4-4-4-4-4-4-2-4-4-4-4,448.68842,19.523735
16,44,4-4-4-4-4-4-4-4-4-3-4-3-4-4-4-4,448.67847,19.00048
16,45,4-4-4-4-3-4-3-4-4-4-4-4-4-4-4-4,448.67847,19.00048
16,46,4-4-4-4-3-3-4-4-4-4-4-3-4-4-4-4,448.66064,18.896772
16,47,4-4-4-4-4-4-3-4-4-4-4-3-4-4-4-4,448.64166,19.059309
16,48,4-4-4-4-3-4-4-4-4-3-4-4-4-4-4-4,448.64166,19.059309
16,49,4-4-4-4-4-2-4-4-4-4-4-2-4-4-4-4,448.62363,20.709076
16,50,4-4-4-4-4-4-4-4-4-4-2-2-4-4-4-4,448.6187,20.72666
16,51,4-4-4-4-2-2-4-4-4-4-4-4-4-4-4-4,448.6187,20.72666
16,52,4-4-4-4-3-3-4-4-4-4-2-4-4-4-4-4,448.61688,20.097118
16,53,4-4-4-4-4-2-4-4-4-4-3-3-4-4-4-4,448.61688,20.097118
16,54,4-4-4-4-4-4-3-4-4-4-2-4-4-4-4-4,448.61295,20.223764
16,55,4-4-4-4-4-3-4-4-4-4-2-3-4-4-4-4,448.6092,20.076529
16,56,4-4-4-4-4-4-4-4-4-2-4-4-4-4-4-4,448.59958,20.264795
16,57,4-4-4-4-4-2-4-4-3-4-4-4-4-4-4-4,448.5605,21.161182
16,58,4-4-4-4-4-4-4-3-4-4-2-4-4-4-4-4,448.5605,21.161182
16,59,4-4-4-4-4-4-4-4-3-4-2-4-4-4-4-4,448.55084,21.139217
16,60,4-4-4-4-4-2-4-3-4-4-4-4-4-4-4-4,448.55084,21.139217
16,61,4-4-4-4-4-4-4-3-3-4-4-4-4-4-4-4,448.54712,21.100248
16,62,4-4-4-4-4-3-3-4-4-4-3-4-4-4-4-4,448.52704,19.892294
16,63,4-4-4-4-4-3-4-4-4-3-3-4-4-4-4-4,448.52704,19.892294
16,64,4-4-4-4-4-4-4-4-4-4-3-4-3-4-4-4,448.4854,19.906382
16,65,4-4-4-3-4-3-4-4-4-4-4-4-4-4-4-4,448.4854,19.906382
16,66,4-4-4-4-4-3-4-4-4-4-3-2-4-4-4-4,448.46625,20.36165
16,67,4-4-4-4-4-4-4-4-2-4-3-4-4-4-4-4,448.4549,21.125376
16,68,4-4-4-4-4-4-4-2-4-4-3-4-4-4-4-4,448.45264,21.174196
16,69,4-4-4-4-4-3-4-4-2-4-4-4-4-4-4-4,448.45264,21.174196
16,70,4-4-4-3-4-4-4-4-4-4-3-4-4-4-4-4,448.449,19.910423
16,71,4-4-4-4-4-3-4-4-4-4-4-4-3-4-4-4,448.449,19.910423
16,72,4-4-4-4-4-4-4-4-4-4-1-4-4-4-4-4,448.44794,21.234472
16,73,4-4-4-4-3-4-4-4-4-4-2-3-4-4-4-4,448.4034,19.132765
16,74,4-4-4-4-3-3-3-4-4-4-4-4-4-4-4-4,448.3392,18.94261
16,75,4-4-4-4-3-2-4-4-4-4-2-4-4-4-4-4,448.33908,20.32273
16,76,4-4-4-4-2-4-4-3-4-4-4-4-4-4-4-4,448.327,20.474035
16,77,4-4-4-3-3-4-4-4-4-4-4-4-4-4-4-4,448.3256,18.960176
16,78,4-4-4-4-3-4-4-4-2-4-4-4-4-4-4-4,448.32333,20.169706
16,79,4-4-4-4-4-4-4-4-2-4-4-3-4-4-4-4,448.31894,20.2126
16,80,4-4-4-4-3-4-4-2-4-4-4-4-4-4-4-4,448.31894,20.2126
16,81,4-4-4-4-2-4-4-4-4-4-4-2-4-4-4-4,448.31464,20.045055
16,82,4-4-4-4-2-4-4-4-3-4-4-4-4-4-4-4,448.309,20.456566
16,83,4-4-4-4-4-4-4-4-4-3-4-2-4-4-4-4,448.30698,19.52949
16,84,4-4-4-4-2-4-3-4-4-4-4-4-4-4-4-4,448.30698,19.52949
16,85,4-4-4-4-4-3-2-4-4-4-4-4-4-4-4-4,448.30402,20.17759
16,86,4-4-4-4-3-4-4-4-4-3-3-4-4-4-4-4,448.30124,18.961452
16,87,4-4-4-4-4-3-3-4-4-4-4-3-4-4-4-4,448.30124,18.961452
16,88,4-4-4-4-4-2-3-4-4-4-3-4-4-4-4-4,448.2924,20.114826
16,89,4-4-4-4-3-4-4-4-4-4-3-2-4-4-4-4,448.26852,19.406147
16,90,4-4-4-2-4-4-4-4-4-4-4-4-4-4-4-4,448.2669,19.533985
16,91,4-4-4-4-4-4-4-4-4-4-4-4-2-4-4-4,448.2669,19.533985
16,92,4-4-4-4-3-3-4-4-4-4-4-2-4-4-4-4,448.26163,19.41858
16,93,4-4-4-4-4-3-3-4-4-4-2-4-4-4-4-4,448.25427,20.13399
16,94,4-4-4-4-3-3-4-4-4-4-3-3-4-4-4-4,448.25067,18.798203
16,95,4-4-4-4-3-4-4-4-4-4-4-4-3-4-4-4,448.24945,18.97979
16,96,4-4-4-4-4-4-3-4-4-4-4-2-4-4-4-4,448.24548,19.569553
16,97,4-4-4-4-4-3-4-4-3-4-4-3-4-4-4-4,448.23975,19.854528
16,98,4-4-4-4-3-4-4-3-4-4-3-4-4-4-4-4,448.23975,19.854528
16,99,4-4-4-4-3-3-4-4-3-4-4-4-4-4-4-4,448.2397,19.861761
16,100,4-4-4-4-4-4-4-3-4-4-3-3-4-4-4-4,448.2397,19.861761
